Symbol	Description
A	Agilent Technologies
AA	Alcoa Corp
AAC.S	Ares Acquisition Corp II [Aact.U]
AAC.T	Ares Acquisition Corp II [Aact.Ws]
AACT	Ares Acquisition Corporation II Cl A
AAN	Aarons Holdings Company
AAP	Advance Auto Parts Inc
AAT	American Assets Trust
AB	Alliancebernstein Holding LP
ABBV	Abbvie Inc
ABEV	Ambev S.A. ADR
ABG	Asbury Automotive Group Inc
ABM	ABM Industries Inc
ABR	Arbor Realty Trust
ABR-D	Arbor Realty Trust Inc
ABR-E	Arbor Realty Trust Inc
ABR-F	Arbor Realty Trust Inc
ABT	Abbott Laboratories
AC	Associated Capital Group Inc
ACA	Arcosa Inc
ACCO	Acco Brands Corp
ACEL	Accel Entertainment Inc
ACH.W	Archer Aviation Inc WT [Achr.W]
ACHR	Archer Aviation Inc
ACI	Albertsons Companies Inc Cl A
ACM	Aecom Technology Corp
ACN	Accenture Plc
ACP	Abrnd Income Credit Strategies Fund
ACP-A	Aberdeen Income Credit Strategies Fund
ACR	Acres Commercial Realty Corp
ACR-C	Acres Commercial Realty Corp Pfd
ACR-D	Acres Commercial Realty Corp
ACRE	Ares Commercial Real Estate Cor
ACV	Virtus Diversified Income & Convertible Fund
ADC	Agree Realty Corp
ADC-A	Agree Realty Corp
ADCT	Adc Therapeutics Sa
ADM	Archer Daniels Midland
ADNT	Adient Plc
ADT	ADT Inc
ADX	Adams Diversified Equity Fund
AEE	Ameren Corp
AEFC	Aegon Funding Company Llc 5.10%
AEG	Aegon N.V. ADR
AEL	American Equity Investment Life
AEL-A	American Equity Investment Life Holding 5.95
AEL-B	American Equity Investment Life Holding
AEM	Agnico-Eagle Mines Ltd
AEO	American Eagle Outfitters
AER	Aercap Holdings N.V.
AES	The Aes Corp
AESC	Aes Corp
AESI	Atlas Energy Solutions Inc Cl A
AEV.W	Aeva Technologies Inc WT [Aeva/S]
AEVA	Aeva Technologies Inc
AFB	Alliance National Municipal
AFG	American Financial Group
AFGB	American Financial Group Inc 5.875%
AFGC	American Financial Group Inc 5.125%
AFGD	American Financial Group Inc 5.625%
AFGE	American Financial Group Inc 4.500%
AFL	Aflac Inc
AFT	Apollo Senior Floating Rate Fund Inc
AG	First Majestic Silver
AGCO	Agco Corp
AGD	Abrdn Global Dynamic Dividend Fund
AGI	Alamos Gold Inc
AGL	Agilon Health Inc
AGM	Federal Agricultural Mortgage Corp
AGM-C	Federal Agricultural Mortgage Corp [Agm/Pc]
AGM-D	Federal Agricultural Mortgage Corp [Agm/Pd]
AGM-E	Federal Agricultural Mortgage Corp [Agm/Pe]
AGM-F	Federal Agricultural Mortgage Corp [Agm/Pf]
AGM-G	Federal Agricultural Mortgage Corp
AGM.A	Federal Agricultural Mortgage Corp
AGO	Assured Guaranty Ltd
AGR	Avangrid Inc
AGRO	Adecoagro S.A.
AGS	Playags Inc
AGTI	Agiliti Inc
AGX	Argan Inc
AHH	Armada Hoffler Properties Inc
AHH-A	Armada Hoffler Pptys Inc [Ahh/Pa]
AHL-C	Aspen Insurance Holdings Ltd [Ahl/Pc]
AHL-D	Aspen Insurance Holdings Ltd [Ahl/Pd]
AHL-E	Aspen Insurance Holdings Ltd [Ahl/Pe]
AHR	American Healthcare REIT Inc
AHT	Ashford Hospitality Trust Inc
AHT-D	Ashford Hospitality TR Inc [Aht/Pd]
AHT-F	Ashford Hospitality TR Inc [Aht/Pf]
AHT-G	Ashford Hospitality TR Inc [Aht/Pg]
AHT-H	Ashford Hospitality TR Inc [Aht/Ph]
AHT-I	Ashford Hospitality TR Inc [Aht/Pi]
AI	C3.Ai Inc Cl A
AIF	Apollo Tactical Income Fund Inc
AIG	American International Group
AIG-A	American International Group Inc [Aig/Pa]
AIN	Albany International Corp
AIO	Virtus Artificial Intelligence & Tech Fund
AIR	AAR Corp
AIRC	Apartment Income REIT Corp
AIT	Applied Industrial Technologies
AIU	Meta Data Ltd ADR
AIV	Apartment Investment and Management
AIZ	Assurant Inc
AIZN	Assurant Inc 5.25% Subordinated Notes Due 2061
AJG	Arthur J. Gallagher & Company
AJX	Great Ajax Corp
AJXA	Great Ajax Corp 7.25% Convertible Senior Notes
AKA	A.K.A. Brands Holding Corp
AKO.A	Embotell Andina Sa Cl A ADR
AKO.B	Embotell Andna Sa Cl B ADR
AKR	Acadia Realty Trust
AL	Air Lease Corp Cl A
AL-A	Air Lease Corp [Al/Pa]
ALB	Albemarle Corp
ALC	Alcon Inc
ALCC	Altc Acquisition Corp Cl A
ALE	Allete Inc
ALEX	Alexander and Baldwin Inc
ALG	Alamo Group
ALIT	Alight Inc Cl A
ALK	Alaska Air Group
ALL	Allstate Corp
ALL-B	Allstate Corp [All/Pb]
ALL-H	Allstate Corp [All/Ph]
ALL-I	Allstate Corp [All/Pi]
ALL-J	Allstate Corp Pfd
ALLE	Allegion Plc
ALLG	Allego N.V.
ALLY	Ally Financial
ALSN	Allison Transmission Holdings
ALT-A	Alta Equipment Group Inc
ALTG	Alta Equipment Group Inc
ALTM	Arcadium Lithium Plc
ALU.W	Allurion Technologies WT [Alur/W]
ALUR	Allurion Technologies Inc
ALV	Autoliv Inc
ALX	Alexander's Inc
AM	Antero Midstream Corp
AMB.T	Ardagh Metal Packaging Sa WT [Ambp/W]
AMBC	Ambac Financial Group
AMBP	Ardagh Metal Packaging S.A.
AMC	AMC Entertainment Holdings
AMCR	Amcor Plc
AME	Ametek Inc
AMG	Affiliated Managers Group
AMH	American Homes 4 Rent
AMH-G	American Homes 4 Rent [Amh/Pg]
AMH-H	American Homes 4 Rent [Amh/Ph]
AMK	Assetmark Financial Holdings Inc
AMN	Amn Healthcare Services Inc
AMP	Ameriprise Financial Services
AMP.V	Amprius Technologies Inc [Ampx.W]
AMPS	Altus Power Inc
AMPX	Amprius Technologies Inc
AMPY	Amplify Energy Corp
AMR	Alpha Metallurgical Resources Inc
AMRC	Ameresco Inc
AMT	American Tower Corp
AMTB	Mercantil Bank Holding Cl A
AMTD	Amtd Idea Group
AMWL	American Well Corp Cl A
AMX	America Movil S.A.B. DE C.V. ADR
AN	Autonation Inc
ANET	Arista Networks Inc
ANF	Abercrombie & Fitch Company
ANRO	Alto Neuroscience Inc
ANVS	Annovis Bio Inc
AOD	Aberdeen Total Dynamic Dividend Fund
AOMR	Angel Oak Mortgage REIT Inc
AON	AON Plc
AORT	Artivion Inc
AOS	Smith A.O. Corp
AP	Ampco-Pittsburgh Corp
APAM	Artisan Partners Asset Mgmt
APC.U	Ap Acquisition Corp [Apca.U]
APC.W	Ap Acquisition Corp WT [Apca/W]
APCA	Ap Acquisition Corp Cl A
APD	Air Products and Chemicals
APG	Api Group Corp
APH	Amphenol Corp
APLE	Apple Hospitality REIT Inc
APO	Apollo Asset Management Inc
APO-A	Apollo Global Management Inc
APOS	Apollo Global Management 7.625%
APTV	Aptiv Plc
AQN	Algonquin Pwr & Util
AQNB	Algonquin Power & Utilities Corp 6.20% Fixed-To
AQNU	Algonquin Power & Utilities Corp
AR	Antero Resources Corp
ARC	American Reprographics Company
ARCH	Arch Resources Inc
ARCO	Arcos Dorados Holdings Inc
ARDC	Ares Dynamic Credit Allocation
ARE	Alexandria Real Estate Equities
ARES	Ares Management LP
ARG-A	Argo Group Intl Hldgs Ltd 7% Ser A [Argo/Pa]
ARGD	Argo Grp Itl Snr NTS
ARI	Apollo Commercial Real Estate
ARIS	Aris Water Solutions Inc Cl A
ARL	American Realty Investors
ARLO	Arlo Technologies Inc
ARMK	Aramark Holdings Corp
AROC	Archrock Inc
ARR	Armour Residential R
ARR-C	Armour Residential REIT Inc 7% Prf Perpetual USD
ARW	Arrow Electronics
AS	Amer Sports Inc
ASA	ASA Gold and Precious Metals
ASAI	Sendas Distribuidora S.A. ADR
ASAN	Asana Inc Cl A
ASB	Associated Banc-Corp
ASB-E	Associated Banc-Corp [Asb/Pe]
ASB-F	Associated Banc-Corp
ASBA	Associated Banc-Corp 6.625%
ASC	Ardmore Shipping Corp
ASG	Liberty All-Star Growth Fund
ASGI	Aberdeen Standard Global Infrastructure
ASGN	On Assignment
ASH	Ashland Inc
ASIX	Advansix Inc
ASPN	Aspen Aerogels Inc
ASR	Grupo Aeroportuario Del Sureste ADR
ASX	Ase Industrial Holding Ltd ADR
ATC-D	Atlas Corp [Atlo/Pd]
ATC-H	Atlas Corp [Atlo/Ph]
ATEN	A10 Networks Inc
ATGE	Adtalem Global Education Inc
ATH-A	Athene Holdings Ltd [Ath/Pa]
ATH-B	Antah Hlds Ltd
ATH-C	Athene Hldg Ltd
ATH-D	Athene Holding Ltd
ATH-E	Athene Hldg Ltd
ATHM	Autohome Inc ADR
ATI	Ati Inc
ATIP	Ati Physical Therapy Inc
ATKR	Atkore Inc
ATM.P	Atmus Filtration Technologies Inc [Atmu/I]
ATMU	Atmus Filtration Technologies Inc
ATO	Atmos Energy Corp
ATR	Aptargroup
ATS	Ats Corp Cda
ATUS	Altice USA Inc Cl A
AU	Anglogold Ashanti Ltd ADR
AUB	Atlantic Union Bancshares Corp
AUB-A	Atlantic Union Bankshares Corp Pfd A
AVA	Avista Corp
AVAL	Grupo Aval Acciones Y Valores S ADR
AVB	Avalonbay Communities
AVD	American Vanguard Corp
AVK	Advent Claymore Convertible Securities
AVNS	Avanos Medical Inc
AVNT	Avient Corp
AVTR	Avantor Inc
AVY	Avery Dennison Corp
AWF	Alliancebernstein Global High Income Fund
AWI	Armstrong World Industries Inc
AWK	American Water Works
AWP	Abrdn Global Premier Properties Fund
AWR	American States Water Company
AX	Axos Financial Inc
AXL	American Axle & Manufacturing
AXP	American Express Company
AXR	Amrep Corp
AXS	Axis Capital Holdings
AXS-E	Axis Capital Holdings Ltd [Axs/Pe]
AXTA	Axalta Coating Systems Ltd
AYI	Acuity Brands Inc
AYX	Alteryx Inc
AZEK	The Azek Company Cl A
AZO	Autozone
AZUL	Azul S.A. ADR
AZZ	Azz Inc
B	Barnes Group
BA	Boeing Company
BABA	Alibaba Group Holding ADR
BAC	Bank of America Corp
BAC-B	Bank of America Corp [Bac/Pb]
BAC-E	Bank of America Corp [Bac/Pe]
BAC-K	Bank of America Corp [Bac/Pk]
BAC-L	Bank of America Corp [Bac/Pl]
BAC-M	Bank of America Corp [Bac/Pm]
BAC-N	Bank of America Corp Prf Perpetual USD Ser LL D
BAC-O	Bank of America Corp
BAC-P	Bank of America Corp
BAC-Q	Bank of America Corp
BAC-S	Bank of America Corp
BAH	Booz Allen Hamilton Holding Corp
BAK	Braskem S.A. ADR
BALL	Ball Corporation
BALY	Bally's Corp
BAM	Brookfield Asset Management Ltd
BAN-F	Banc of California Inc 7.75% [Banc/Pf]
BANC	First Pactrust Bancorp
BAP	Credicorp Ltd
BAR.W	Bark Inc WT
BARK	Bark Inc
BAX	Baxter International Inc
BB	Blackberry Ltd
BBA.W	Bigbear.Ai Holdings Inc WT [Bbai.W]
BBAI	Bigbear.Ai Holdings Inc
BBAR	Bbva Banco Frances S.A.
BBD	Banco Bradesco S.A. ADR
BBDC	Barings Bdc Inc
BBDO	Banco Bradesco S.A. ADR
BBN	Balckrock Build America Trust
BBU	Brookfield Business Partners LP
BBUC	Brookfield Business Corp
BBVA	Banco Bilbao Viscaya Argentaria S.A. ADR
BBW	Build-A-Bear Workshop
BBWI	Bath & Body Works Inc
BBY	Best Buy Company
BC	Brunswick Corp
BC-A	Brunswick Corp [Bc/Pa]
BC-B	Brunswick Corp [Bc/Pb]
BC-C	Brunswick Corp [Bc/Pc]
BCAT	Blackrock Capital Allocation Trust
BCC	Boise Cascade L.L.C.
BCE	BCE Inc
BCH	Banco DE Chile ADR
BCO	Brink's Company
BCS	Barclays Plc ADR
BCSF	Bain Capital Specialty Finance Inc
BCX	Blackrock Resources
BDC	Belden Inc
BDJ	Blackrock Enhanced Dividend Achievers
BDN	Brandywine Realty Trust
BDX	Becton Dickinson and Company
BE	Bloom Energy Corp Cl A
BEDU	Bright Scholar Education Holdings Ltd ADR
BEKE	Ke Holdings Inc ADR
BEN	Franklin Resources
BEP	Brookfield Renewable
BEP-A	Brookfield Renewable Partners LP 5.25% Prf Perpe
BEPC	Brookfield Renewable Corp
BEPH	Brookfield Brp Holdings [Canada]
BEPI	Brookfield Brp Holdings [Canada] Inc 4.875%
BERY	Berry Global Group
BEST	Best Inc ADR
BF.A	Brown Forman Inc Cl A
BF.B	Brown Forman Inc Cl B
BFA.U	Battery Future Acquisition Corp [Bfac.U]
BFA.W	Battery Future Acquisition Corp WT [Bfac/W]
BFAC	Battery Future Acquisition Corp Cl A
BFAM	Bright Horizons Family Solutions Inc
BFH	Bread Financial Hldgs Inc
BFK	Blackrock Muni Income Trust
BFL.W	Butterfly Network Inc WT [Bfly/W]
BFLY	Butterfly Network Inc
BFS	Saul Centers
BFS-D	Saul Ctrs Inc [Bfs/Pd]
BFS-E	Saul Centers Inc Prf Perpetual USD Ser E Rep 1/1
BFX	Bowflex Inc
BFZ	Blackrock California Muni Trust
BG	Bunge Ltd
BGB	Blackstone Strategic Credit 2027 Term Fund
BGH	Babson Capital Global Short Du
BGR	Blackrock Energy and Resources Trust
BGS	B&G Foods Holdings
BGSF	Bgsf Inc
BGT	Blackrock Global
BGX	Blackstone Long-Short Credit Income Fund
BGY	Blackrock International
BH	Biglari Holdings Inc
BH.A	Biglari Holdings Inc Cl A
BHC	Bausch Health Companies Inc
BHE	Benchmark Electronics
BHIL	Benson Hill Inc
BHK	Blackrock Core Trust
BHLB	Berkshire Hills Bancorp
BHP	Bhp Billiton Ltd ADR
BHR	Braemar Hotels & Resorts Inc
BHR-B	Braemar Hotels & Resorts Inc [Bhr/Pb]
BHR-D	Braemar Hotels & Resorts Inc [Bhr/Pd]
BHV	Blackrock Virginia Muni Trust
BHVN	Biohaven Ltd
BIG	Big Lots
BIGZ	Blackrock Innovation and Growth Term Trust
BILL	Bill Holdings Inc
BIO	Bio-Rad Laboratories
BIO.B	Bio-Rad Laboratories Inc Cl B
BIP	Brookfield Infrastructure Partners LP
BIP-A	Brookfield Infrastructure Partners L.P.
BIP-B	Brookfield Infrastructure Partners L.P.
BIPC	Brookfield Infrastructure Partners LP Cl A
BIPH	Brookfield Infrastructure Corp 5.000%
BIPI	Bip Bermuda Holdings I 5.125% Perpetual
BIRK	Birkenstock Holding Plc
BIT	Blackrock Multi-Sector Income T
BJ	Bj's Wholesale Club Holdings Inc
BK	Bank of New York Mellon Corp
BKD	Brookdale Senior Living Inc
BKDT	Brookdale Senior Living Inc
BKE	Buckle Inc
BKH	Black Hills Corp
BKK.W	Bakkt Hldgs Inc WT
BKKT	Bakkt Hldgs Inc
BKN	Blackrock Investment Quality Municipal
BKS.W	Blacksky Technology Inc WT [Bksy.W]]
BKSY	Blacksky Technology Inc
BKT	Blackrock Income Trust Inc
BKU	BankUnited Inc
BLCO	Bausch & Lomb Corp
BLD	Topbuild Corp
BLDR	Builders Firstsource
BLE	Blackrock Muni Income Trust II
BLK	Blackrock Inc
BLND	Blend Labs Inc Cl A
BLW	Blackrock Ltd Duration Income Trust
BLX	Banco Latinoamericano DE Comercio
BMA	Banco Macro S.A. ADR
BME	Blackrock Health Sciences Trust
BMEZ	Blackrock Health Sciences Trust II
BMI	Badger Meter
BML-G	Bank of America Corp [Bml/Pg]
BML-H	Bank of America Corp [Bml/Ph]
BML-J	Bank of America Corp [Bml/Pj]
BML-L	Bank of America Corp [Bml/Pl]
BMN	Blackrock 2037 Municipal Target Term
BMO	Bank of Montreal
BMY	Bristol-Myers Squibb Company
BN	Brookfield Corp
BNED	Barnes & Noble Education Inc C
BNH	Brookfield Finance Inc 4.625% Subordinated Notes
BNJ	Brookfield Finance Inc 4.50%
BNL	Broadstone Net Lease Inc Cl A
BNR.A	Brookfield Reinsurance Ltd [Bnre.A]
BNRE	Brookfield Reinsurance Ltd
BNS	Bank of Nova Scotia
BNY	Blackrock New York Muni Trust Inc
BOC	Boston Omaha Corp Cl A
BODI	The Beachbody Company Inc
BODY	The Beachbody Company Inc
BOE	Blackrock Global
BOH	Bank of Hawaii Corp
BOH-A	Bank of Hawaii
BOND	Pimco Active Bond TR ETF
BOOT	Boot Barn Holdings Inc
BORR	Borr Drilling Ltd
BOWL	Bowlero Corp Cl A
BOX	Box Inc
BP	BP Plc ADR
BPT	BP Prudhoe Bay Royalty Trust
BR	Broadridge Financial Solutions Llc
BRBR	Bellring Brands Inc Cl A
BRC	Brady Corp
BRCC	Brc Inc Cl A
BRDG	Bridge Investment Group Holdings Inc Cl A
BRFS	Brf-Brasil Foods S.A. ADR
BRK.A	Berkshire Hathaway Cl A
BRK.B	Berkshire Hathaway Cl B
BRO	Brown & Brown
BROS	Dutch Bros Inc Cl A
BRSP	Brightspire Capital Inc
BRT	BRT Realty Trust
BRW	Saba Capital Income & Opportunities Fund
BRX	Brixmor Property Group Inc
BSAC	Banco Santander Chile ADR
BSBR	Banco Santander Brasil S.A. ADR
BSIG	Brightsphere Investment Group Plc
BSL	Blackstone Senior Floating Rate 2027 Term Fund
BSM	Black Stone Minerals LP
BST	Blackrock Science and Technolo
BSTZ	Blackrock Science and Technology Trust II
BSX	Boston Scientific Corp
BTA	Blackrock Long-Term Muni Advantage Trust
BTCM	Bit Mining Ltd
BTE	Baytex Energy Corp
BTI	British American Tobacco Industries ADR
BTO	John Hancock Bank and Thrift Fund
BTT	Blackrock Municipal Target Term
BTU	Peabody Energy Corp
BTZ	Blackrock Preferred
BUD	Anheuser-Busch Inbev S.A. ADR
BUI	Blackrock Utility and Infrastr
BUR	Burford Capital Ltd
BURL	Burlington Stores Inc
BUXX	Strive Enhanced Income Short Maturity ETF
BV	Brightview Holdings Inc
BVN	Compania Mina Buenaventura S.A. ADR
BW	Babcock & Wilcox Enterprises
BW-A	Babcock & Wilcox Enterprises Inc
BWA	Borgwarner Inc
BWG	Legg Mason Bw Global Income
BWNB	Babcock & Wilcox Enterprises Inc 6.50%
BWSN	Babcock & Wilcox Enterprises Inc
BWXT	Bwx Technologies Inc
BX	Blackstone Inc
BXC	Bluelinx Holdings Inc
BXMT	Blackstone Mortgage Trust Inc Cl A
BXMX	Nuveen Equity Premium
BXP	Boston Properties
BXSL	Blackstone Secured Lending Fund
BY	Byline Bancorp Inc
BYD	Boyd Gaming Corp
BYM	Blackrock Muni Income Quality Trust
BYON	Beyond Inc
BZH	Beazer Homes USA
C	Citigroup Inc
C-J	Citigroup Inc [C/Pj]
C-N	Citigroup Cap XiII [C/Pn]
CAAP	Corporacion America Airports Sa
CABO	Cable One Inc
CACI	Caci International
CAD-A	Cadence Bank [Cade/A]
CADE	Cadence Bank
CAE	Cae Inc
CAF	Morgan Stanley China A Share Fund Inc
CAG	Conagra Brands Inc
CAH	Cardinal Health
CAL	Caleres Inc
CALX	Calix Inc
CANG	Cango Inc ADR
CAPL	Crossamerica Partners LP
CARR	Carrier Global Corp
CARS	Cars.com Inc
CAT	Caterpillar Inc
CATO	Cato Corp
CAVA	Cava Group Inc
CB	Chubb Ltd
CBD	Companhia Brasileira DE Distribuicao ADR
CBH	Virtus Convertible & Income 2024 Fund
CBL	Cbl & Associates Properties Inc
CBRE	CBRE Group Inc
CBT	Cabot Corp
CBU	Community Bank System
CBZ	Cbiz Inc
CC	Chemours Company
CCI	Crown Castle Inc
CCIA	Carlyle Credit Income Fund
CCIF	Carlyle Credit Income Fund
CCJ	Cameco Corp
CCK	Crown Cork & Seal Company
CCL	Carnival Corp
CCM	Concord Medical Services ADR
CCO	Clear Channel Outdoor Holdings
CCRD	Corecard Corporation
CCS	Century Communities Inc
CCU	Compania Cervecerias Unidas S.A. ADR
CCZ	Comcast Corp
CDE	Coeur Mining Inc
CDLR	Cadeler As ADR
CDP	Copt Defense Properties
CDR-B	Cedar Realty Trust Inc [Cdr/Pb]
CDR-C	Cedar Realty Trust Inc [Cdr/Pc]
CDRE	Cadre Holdings Inc
CE	Celanese Corp
CEE	Central Europe and Russia Fund
CEIX	Consol Energy Inc
CEL.P	Bristol Myers Squibb [Celg/R]
CEM	Clearbridge Energy MLP Fund Inc
CEPU	Central Puerto S.A. ADR
CF	Cf Industries Holdings
CFG	Citizens Financial Group Inc/Ri
CFG-D	RBS Citizens Finl Group Inc [Cfg/Pd]
CFG-E	Citizens Financial Group Inc Prf Perpetual USD 2
CFR	Cullen/Frost Bankers
CFR-B	Cullen/Frost Bankers Inc
CGA	China Green Agriculture
CGAU	Centerra Gold Inc
CGV	Affinity Conductor Global Equity Value ETF
CHCT	Community Healthcare Trust Inc
CHD	Church & Dwight Company
CHE	Chemed Inc
CHGG	Chegg Inc
CHH	Choice Hotels International
CHM-A	Cherry Hill Mtg Invt Corp [Chmi/Pa]
CHM-B	Cherry Hill Mtg Invt Corp [Chmi/Pb]
CHMI	Cherry Hill Mortgage Investmen
CHN	China Fund
CHPT	Chargepoint Hldgs Inc
CHT	Chunghwa Telecom Ltd ADR
CHWY	Chewy Inc
CI	The Cigna Group
CIA	Citizens Inc
CIB	Bancolombia S.A. ADR
CIEN	Ciena Corp
CIF	Colonial Intermediate High
CIG	Comp En DE MN Cemig ADR
CIG.C	Comp En DE MN Cemig Cl C ADR
CII	Blackrock Capital and Income Strategies
CIM	Chimera Investment Corp
CIM-A	Chimera Invt Corp [Cim/Pa]
CIM-B	Chimera Invt Corp [Cim/Pb]
CIM-C	Chimera Invt Corp [Cim/Pc]
CIM-D	Chimera Invt Corp [Cim/Pd]
CINT	CI&T Inc Cl A
CIO	City Office REIT Inc
CIO-A	City Office REIT Inc [Cio/Pa]
CION	Cion Investment Corp
CIVI	Civitas Resources Inc
CL	Colgate-Palmolive Company
CLB	Core Laboratories Inc
CLB.U	Colombier Acquisition Corp II Wts [Clbr.U]
CLB.W	Colombier Acquisition Corp II [Clbr/W]
CLBR	Colombier Acquisition Corp II Cl A
CLCO	Cool Company Ltd
CLD-A	Chatham Lodging Trust Pfd.
CLDT	Chatham Lodging Trust REIT
CLF	Cleveland-Cliffs Inc
CLH	Clean Harbors
CLPR	Clipper Realty Inc
CLS	Celestica Inc
CLV-A	Clarivate Plc
CLVT	Clarivate Analytics Plc
CLW	Clearwater Paper Corp
CLX	Clorox Company
CM	Canadian Imperial Bank of Commerce
CMA	Comerica Inc
CMC	Commercial Metals Company
CMCM	Cheetah Mobile Inc ADR
CMG	Chipotle Mexican Grill
CMI	Cummins Inc
CMP	Compass Minerals Intl Inc
CMR-B	Costamare Inc [Cmre/Pb]
CMR-C	Costamare Inc [Cmre/Pc]
CMR-D	Costamare Inc [Cmre/Pd]
CMR-E	Costamare Inc [Cmre/Pe]
CMRE	Costamare Inc
CMS	Cms Energy Corp
CMS-B	Consumers Energy Company [Cms/Pb]
CMS-C	Cms Energy Corp
CMSA	Cms Energy Corp 5.625% Junior Subordinate
CMSC	Cms Energy Corp
CMSD	Cms Energy Corp 5.875% Junior Subordinate
CMTG	Claros Mortgage Trust Inc
CMU	Colonial Muni Income Trust
CNA	CNA Financial Corp
CNC	Centene Corp
CND.D	Concord Acquisition Corp III [Cndb.U]
CND.S	Concord Acquisition Corp II [Cnda.U]
CND.T	Concord Acquisition Corp II WT [Cnda/W]
CND.V	Concord Acquisition Corp III WT [Cndb/W]
CNDA	Concord Acquisition Corp II Cl A
CNDB	Concord Acquisition Corp III Cl A
CNF	Cnfinance Holdings Ltd ADR
CNHI	CNH Industrial N.V.
CNI	Canadian National Railway
CNK	Cinemark Holdings Inc
CNM	Core & Main Inc Cl A
CNMD	C O N M E D Cp
CNNE	Cannae Holdings Inc
CNO	Cno Financial Group
CNO-A	Cno Financial Group Inc 5.125%
CNP	Centerpoint Energy Inc
CNQ	Canadian Natural Resources
CNS	Cohn & Steers Inc
CNX	CNX Resources Corp
COD-A	Compass Div Holdings [Codi/Pa]
COD-B	Compass Div Holdings [Codi/Pb]
COD-C	Compass Div Holdings [Codi/Pc]
CODI	Compass Diversified Holdings
COF	Capital One Financial Corp
COF-I	Capital One Financial Corp [Cof/Pi]
COF-J	Capital One Financial Corp [Cof/Pj]
COF-K	Capital One Financial Corp
COF-L	Capital One Financial Corp
COF-N	Capital One Financial Corp
COHR	Coherent Corp
COLD	Americold Realty Trust
COMP	Compass Inc Cl A
COOK	Traeger Inc
COP	Conocophillips
COR	Cencora Inc
COTY	Coty Inc
COUR	Coursera Inc
CP	Canadian Pacific Kansas City Ltd
CPA	Copa Holdings S.A.
CPAC	Cementos Pacasmayo S.A.A ADR
CPB	Campbell Soup Company
CPE	Callon Petroleum Company
CPF	Central Pacific Financial Company
CPG	Crescent Pt Energy
CPK	Chesapeake Utilities Corp
CPNG	Coupang Inc Cl A
CPRI	Capri Holdings Ltd
CPS	Cooper Std Holdings Inc
CPT	Camden Property Trust
CQP	Cheniere Energy Partners LP
CR	Crane Company
CRBG	Corebridge Financial Inc
CRC	California Resources Corp
CRD.A	Crawford Company Cl A
CRD.B	Crawford Company Cl B
CRGY	Crescent Energy Company Cl A
CRH	CRH Plc ADR
CRI	Carter's Inc
CRK	Comstock Resources
CRL	Charles River Laboratories Intl
CRM	Salesforce Inc
CRS	Carpenter Technology Corp
CRT	Cross Timbers Royalty Trust
CSAN	Cosan Sa Spon ADR WI
CSL	Carlisle Companies Inc
CSR	Centerspace
CSR-C	Centerspace Prf
CSTM	Constellium N.V.
CSV	Carriage Services
CTA-A	Eidp Inc
CTA-B	Du Pont E.I. DE Nemours & Co. [Cta/Pb]
CTBB	Qwest Corp
CTDD	Qwest Corp 6.75% Notes Due 2057
CTLT	Catalent Inc
CTO	Cto Realty Growth Inc
CTO-A	Cto Realty Growth Inc
CTO.W	Custom Truck One Source WT [Ctos/W]
CTOS	Custom Truck One Source
CTR	Clearbridge Energy MLP Fund IN
CTRA	Coterra Energy Inc
CTRE	Caretrust REIT Inc
CTS	Cts Corp
CTV	Innovid Corp
CTV.W	Innovid Corp WT
CTVA	Corteva Inc
CUB-E	Customers Bancorp Inc [Cubi/Pe]
CUB-F	Customers Bancorp Inc [Cubi/Pf]
CUBB	Customers Bancorp Inc 5.375%
CUBE	Cubesmart
CUBI	Customers Bancorp
CUK	Carnival Plc ADR
CULP	Culp Inc
CURO	Curo Group Holdings Corp
CURV	Torrid Holdings Inc
CUZ	Cousins Properties Inc
CVE	Cenovus Energy Inc
CVE.W	Cenovus Energy Inc WT
CVEO	Civeo Corp
CVI	Cvr Energy Inc
CVNA	Carvana Company Cl A
CVS	CVS Corp
CVX	Chevron Corp
CW	Curtiss-Wright Corp
CWAN	Clearwater Analytics Holdings Inc Cl A
CWE.A	Clearway Energy Inc [Cwen.A]
CWEN	Clearway Energy Inc Cl C
CWH	Camping World Holdings Inc
CWK	Cushman & Wakefield Plc
CWT	California Water Service Group Holding
CX	Cemex S.A.B. DE C.V. ADR
CXE	Colonial High Income Muni Trust
CXH	Colonial Investment Grade Muni Trust
CXM	Sprinklr Inc Cl A
CXT	Crane Nxt CO
CXW	Corecivic Inc
CYD	China Yuchai International
CYH	Community Health Systems
CZOO	Cazoo Group Ltd
D	Dominion Energy Inc
DAC	Danaos Corp
DAL	Delta Air Lines Inc
DAN	Dana Inc
DAO	Youdao Inc ADR
DAR	Darling International Inc
DAVA	Endava Plc ADR
DAY	Dayforce Inc
DB	Deutsche Bank Ag
DBD	Diebold Nixdorf Incorporated
DBI	Designer Brands Inc
DBL	Doubleline Opportunistic Credit Fund
DBR-H	Digitalbridge Group Inc [Dbrg/Ph]
DBR-I	Digitalbridge Group Inc [Dbrg/Pi]
DBR-J	Digitalbridge Group Inc [Dbrg/Pj]
DBRG	Digitalbridge Group Inc
DCF	Dreyfus Alcentra Global Credit Income 2024 Targe
DCI	Donaldson Company
DCO	Ducommun Inc
DD	Dupont Denemours Inc
DDD	3D Systems Corp
DDL	Dingdong [Cayman] Ltd ADR
DDS	Dillard's
DDT	Dillard's
DE	Deere & Company
DEA	Easterly Government Properties
DEC	Diversified Energy Company Plc
DECK	Deckers Outdoor Corp
DEI	Douglas Emmett
DELL	Dell Technologies Inc
DEO	Diageo Plc ADR
DESP	Despegar.com Corp
DFH	Dream Finders Homes Inc Cl A
DFIN	Donnelly Financial Solutions Inc
DFP	Flaherty & Crumrine Dynamic
DFS	Discover Financial Services
DG	Dollar General Corp
DGX	Quest Diagnostics Inc
DHF	Dreyfus High Yield Strategies Fund
DHI	D.R. Horton
DHR	Danaher Corp
DHT	Dht Holdings
DHX	Dice Holdings
DIAX	Nuveen Dow
DIN	Dineequity Inc
DINO	HF Sinclair Corp
DIP	ETF Series Btd Capital Fund
DIS	Walt Disney Company
DK	Delek US Holdings
DKL	Delek Logistics Partners LP
DKS	Dick's Sporting Goods Inc
DLB	Dolby Laboratories
DLN-A	Dynagas Lng Partners LP [Dlng/Pa]
DLN-B	Dynagas Lng Partners LP [Dlng/Pb]
DLNG	Dynagas Lng Partners LP
DLR	Digital Realty Trust
DLR-J	Digital Rlty TR Inc [Dlr/Pj]
DLR-K	Digital Rlty TR Inc [Dlr/Pk]
DLR-L	Digital Realty Trust Inc 5.20% Prf Perpetual USD
DLX	Deluxe Corp
DLY	Doubleline Yield Opportunities Fund
DM	Desktop Metal Inc
DMA	Destra Multi-Alternative Fund
DMB	Dreyfus Municipal Bond Infrastr
DMO	Western Asset Mortgage Defined Opp
DNA	Ginkgo Bioworks Hldgs Inc
DNA.W	Ginkgo Bioworks Hldgs Inc WT
DNB	Dun & Bradstreet Holdings Inc
DNMR	Danimer Scientific Inc
DNOW	Dnow Inc
DNP	Duff & Phelps Utilities Income
DO	Diamond Offshore Drilling Inc
DOC	Healthpeak Properties Inc
DOCN	Digitalocean Holdings Inc
DOCS	Doximity Inc Cl A
DOLE	Dole Plc
DOMA	Doma Holdings Inc
DOOR	Masonite Worldwide Holdings
DOUG	Douglas Elliman Inc
DOV	Dover Corp
DOW	Dow Inc
DPG	Duff & Phelps Global Utility
DPZ	Domino's Pizza Inc
DQ	Daqo New Energy ADR
DRD	Drdgold Ltd ADR
DRH	Diamondrock Hospitality Company
DRH-A	Diamondrock Hospitality Company 8.250% Series A
DRI	Darden Restaurants
DRLL	Ea Series Strive U.S. Energy ETF
DRQ	Dril-Quip
DSAQ	Direct Selling Acquisition Corp Cl A
DSL	Doubleline Income Solutions Fund
DSM	Dreyfus Strategic Muni Bond Fund
DSMC	ETF Series Distillate Small/Mid Cash Flow ETF
DSTX	Distillate Intl Stability & Value ETF
DSU	Blackrock Debt Strategies Fund
DSX	Diana Shipping Inc
DSX-B	Diana Shipping Inc [Dsx/Pb]
DSX.W	Diana Shipping Inc WT (Dsx/W)
DT	Dynatrace Inc
DTB	Dte Energy Company 2020 Series G 4.375% Junior S
DTC	Solo Brands Inc Cl A
DTE	Dte Energy Company
DTF	Dtf Tax-Free Income 2028 Term Fund Inc
DTG	Dte Energy Company 2021 Sr E
DTM	Dt Midstream Inc
DTW	Dte Energy Company 2017 Series E 5.25% Jr
DUK	Duke Energy Corp
DUK-A	Duke Energy Corp [Duk/Pa]
DUKB	Duke Energy Corp 5.625%
DV	Doubleverify Holdings Inc
DVA	Davita Healthcare Partners Inc
DVN	Devon Energy Corp
DX	Dynex Capital
DX-C	Dynex Capital Inc
DXC	Dxc Technology Company
DY	Dycom Industries
E	Eni S.P.A. ADR
EAF	Graftech International Ltd
EAI	Entergy Arkansas Inc
EARN	Ellington Residential Mortgage
EAT	Brinker International
EB	Eventbrite Inc
EBF	Ennis Inc
EBR	Centrais Electricas Brazil ADR
EBR.B	Centrais Eletricas Brasileiras ADR
EBS	Emergent Biosolutions
EC	Ecopetrol S.A. ADR
ECAT	Blackrock ESG Capital Allocation Trust
ECC	Eagle Point Credit Inc
ECC-D	Eagle Point Credit Company Inc
ECCC	Eagle Point Credit Company
ECCF	Eagle Point Credit Company Inc
ECCV	Eagle Point Credit Company Inc 5.375% Notes Due
ECCW	Eagle Point Credit Company
ECCX	Eagle Point Credit Company
ECL	Ecolab Inc
ECO	Okeanis Eco Tankers Corp
ECVT	Pq Group Holdings Inc
ED	Consolidated Edison Company
EDD	Emerging Markets Domestic Debt Fund
EDF	Virtus Emerging Markets Income Fund
EDN	Empresa Distribuidora Y Comercializadora ADR
EDR	Endeavor Group Holdings Inc Cl A
EDU	New Oriental Education & Technology Group ADR
EE	Excelerate Energy Inc Cl A
EEA	European Equity Fund
EEX	Emerald Expositions Events Inc
EFC	Ellington Financial Llc
EFC-A	Ellington Financial Inc Pfd.
EFC-B	Ellington Financial Inc 6.250%
EFC-C	Ellington Financial Inc 8.625%
EFC-D	Ellington Financial Inc 7.00% Series D Cumulativ
EFC-E	Ellington Financial Inc 8.250% Sr E
EFR	Eaton Vance Senior Floating-Rate Fund
EFT	Eaton Vance Floating Rate Income Trust
EFX	Equifax Inc
EFXT	Enerflex Ltd
EG	Everest Re Group
EGF	Blackrock Enhanced Government Fund
EGLE	Eagle Bulk Ship
EGO	Eldorado Gold Corp
EGP	Eastgroup Properties
EGY	Vaalco Energy Inc
EHAB	Enhabit Inc
EHC	Encompass Health Corp
EHI	Western Asset Global High
EIC	Eagle Point Income Company
EICA	Eagle Point Income Inc
EICB	Eagle Point Income Company Inc
EIG	Employers Holdings Inc
EIX	Edison International
EL	Estee Lauder Companies
ELAN	Elanco Animal Health Inc
ELC	Entergy Louisiana Llc
ELF	E.L.F. Beauty Inc
ELME	Elme Communities
ELP	Companhia Paranaense DE Energia [Copel] ADR
ELPC	Companhia Paranaense DE Energia [Copel] ADR
ELS	Equity Lifestyle Properties
ELV	Elevance Health Inc
EMD	Western Asset Emerging Market Debt Fund Inc
EME	Emcor Group
EMF	Templeton Emerging Markets Fund
EMN	Eastman Chemical Company
EMO	Clearbridge Energy MLP Opportu
EMP	Entergy Mississippi Inc 4.9% Bonds
EMR	Emerson Electric Company
ENB	Enbridge Inc
ENFN	Enfusion Inc Cl A
ENIC	Enersis Chile S.A. ADR
ENJ	Entergy New Orleans Inc
ENLC	Enlink Midstream Llc
ENO	Entergy New Orleans Incfirst
ENOV	Enovis Corp
ENR	Energizer Holdings Inc
ENS	Enersys Inc
ENV	Envestnet Inc
ENVA	Enova International Inc
ENZ	Enzo Biochem
EOD	Wells Fargo Global Dividend Opportunity
EOG	Eog Resources
EOI	Eaton Vance Enhance Equity
EOS	Eaton Vance Enhanced Equity II
EOT	Eaton Vance Muni Income Trust
EP-C	El Paso Energy Capital [Ep/Pc]
EPAC	Actuant Corp
EPAM	Epam Systems Inc
EPC	Edgewell Personal Care
EPD	Enterprise Products Partners LP
EPR	Entertainment Properties Trust
EPR-C	Epr Pptys [Epr/Pc]
EPR-E	Epr Pptys [Epr/Pe]
EPR-G	Epr Pptys [Epr/Pg]
EPRT	Essential Properties Realty Trust Inc
EQBK	Equity Bncsrs Cm A
EQC	Equity Commonwealth
EQC-D	Equity Comwlth [Eqc/Pd]
EQH	Axa Equitable Holdings Inc
EQH-A	Axa Equitable Holdings Inc 5.25% Prf Perpetual U
EQH-C	Equitable Holdings Inc
EQNR	Equinor ASA ADR
EQR	Equity Residential
EQS	Equus Total Return
EQT	Eqt Corp
ERF	Enerplus Corp
ERJ	Embraer-Empresa Brasileira DE Aeronautica ADR
ERO	Ero Copper Corp
ES	Eversource Energy
ESAB	Esab Corp
ESE	Esco Technologies Inc
ESI	Element Solutions Inc
ESNT	Essent Group Ltd
ESRT	Empire State Realty Trust Inc
ESS	Essex Property Trust
ESTC	Elastic N.V.
ET	Energy Transfer LP
ET-E	Energy Transfer L.P. 7.600% Series E
ET-I	Energy Transfer L.P. Series I
ETB	Eaton Vance Tax-Managed Buy-Write
ETD	Ethan Allen Interiors Inc
ETG	Eaton Vance Tax-Advantaged Global Dividend
ETI.P	Entergy Texas Inc 5.375% Series A Preferred Stoc
ETJ	Eaton Vance Risk-Managed Diversified Equity
ETN	Eaton Corp
ETO	Eaton Vance Tax-Advantage Global Dividend Opp
ETR	Entergy Corp
ETRN	Equitrans Midstream Corp
ETV	Eaton Vance Corp
ETW	Eaton Vance Corp
ETW.W	E2Open Parent Hldg WT [Etwo/W]
ETWO	E2Open Parent Hldg
ETX	Eaton Vance Municipal Income T
ETY	Eaton Vance Tax-Managed Diversified Equity
EURN	Euronav NV
EVA	Enviva Partners LP
EVC	Entravision Communications Corp
EVE.T	Eve Holding Inc WT [Evex/W]
EVEX	Eve Holding Inc
EVF	Eaton Vance Senior Income Trust
EVG	Eaton Vance Short Diversified
EVH	Evolent Health Inc Cl A Com
EVN	Eaton Vance Muni Income Trust
EVR	Evercore Partners Inc
EVRI	Everi Holdings Inc
EVT	Eaton Vance Tax Advantaged Dividend
EVT.W	Vertical Aerospace WT [Evtl/W]
EVTC	Evertec Inc
EVTL	Vertical Aerospace Ltd
EW	Edwards Lifesciences Corp
EXG	Eaton Vance Tax-Managed Global Diversified Equit
EXK	Endeavour Silver Corp
EXP	Eagle Materials Inc
EXPD	Expeditors Intl
EXPR	Express Inc
EXR	Extra Space Storage Inc
EXTO	Almacenes Exito S.A. ADR
F	Ford Motor Company
F-B	Ford Motor Company Del [F/Pb]
F-C	Ford Motor Company 6% Notes
F-D	Ford Motor Company 6.500% Notes
FAF	First American Corp
FAM	First Trust/Aberdeen Global Opportunity
FATH	Fathom Digital Manufacturing Corp
FBIN	Fortune Brands Innovations Inc
FBK	Fb Financial Corp
FBP	First Bancorp
FBR-E	Franklin Bsp Realty Trust [Fbrt/Pe]
FBRT	Franklin Bsp Realty Trust Inc
FC	Franklin Covey Company
FCF	First Commonwealth Financial Corp
FCN	Fti Consulting
FCPT	Four Corners Property Trust IN
FCRX	First Eagle Alternative Capital Bdc
FCT	Senior Floating Rate II
FCX	Freeport-Mcmoran Inc
FDP	Fresh Del Monte Produce
FDS	Factset Research Systems Inc
FDX	Fedex Corp
FE	Firstenergy Corp
FEDU	Four Seasons Education Cayman Inc ADR
FEI	FT MLP and Energy Inc
FENG	Phoenix New Media Ltd ADR
FERG	Ferguson Plc
FET	Forum Energy Technologies Inc
FF	Futurefuel Corp
FFA	FT Enhanced Equity Income Fund
FFC	Flaherty Crumrine/Claymore Preferred Securities
FFWM	First Foundation
FG	F&G Annuities & Life Inc
FGB	Specialty Finance and Financial Fund
FGN	F&G Annuities & Life Inc 7.950%
FHI	Federated Investors
FHN	First Horizon Corp
FHN-B	First Horizon National Corp [Fhn/Pb]
FHN-C	First Horizon National Corp [Fhn/Pc]
FHN-D	First Horizon National Corp [Fhn/Pd]
FHN-E	First Horizon National Corp [Fhn/Pe]
FHN-F	First Horizon Corp
FI	Fiserv Inc
FICO	Fair Isaac and Company
FIF	FT Energy Infrastruct
FIGS	Figs Inc Cl A
FIHL	Fidelis Insurance Holdings Limited
FINS	Angel Oak Financial Strategies Income Term Trust
FINV	Finvolution Group ADR
FIS	Fidelity National Information Services
FIX	Comfort Systems USA
FL	Footlocker Inc
FLC	Flaherty & Crumrine/Claymore Total Return
FLM.U	Flame Acquisition Corp [Flme.U]
FLM.W	Flame Acquisition Corp [Flme/W]
FLME	Flame Acquisition Corp Cl A
FLNG	Flex Lng Ltd
FLO	Flowers Foods
FLR	Fluor Corp
FLS	Flowserve Corp
FLT	Fleetcor Technologies
FLUT	Flutter Entertainment Plc
FMC	FMC Corp
FMN	Federated Premier Muni
FMS	Fresenius Medical Care Ag ADR
FMX	Fomento Economico Mexicano S.A.B. DE C.V. ADR
FMY	First Trust/Fidac Mortgage Income Fund
FN	Fabrinet
FNA	Paragon 28 Inc
FNB	F.N.B. Corp
FNB-E	Fnb Corp Florida [Fnb/Pe]
FND	Floor & Decor Holdings Inc
FNF	Fidelity National Financial
FNV	Franco Nev Corp
FOA	Finance of America Companies Inc Cl A
FOA.W	Finance of America Companies Inc WT
FOF	Cohen & Steers Closed-End Opportunity Fund
FOR	Forestar Group Inc
FOUR	Shift4 Payments Inc
FPF	FT Intermediate Durat
FPH	Five Point Holdings Llc Cl A
FPI	Farmland Partners Inc
FPL	FT New Opportunities M
FR	First Industrial Realty Trust
FRA	Blackrock Floating Rate Income Fund
FRE.W	Freyr Battery WT [Frey/W]
FREY	Freyr Battery Inc
FRGE	Forge Global Hldgs Inc
FRO	Frontline Plc
FRT	Federal Realty Investment Trust
FRT-C	Federal Realty Invt TR [Frt/Pc]
FSCO	FS Credit Opportunities Corp
FSD	High Income Long Short Fund
FSK	FS KKR Capital Corp
FSLY	Fastly Inc
FSM	Fortuna Silver Mines
FSR	Fisker Inc
FSS	Federal Signal Corp
FT	Franklin Universal Trust
FTHY	FT High Yield Opportunities 2027 Term F
FTI	Technipfmc Plc
FTK	Flotek Industries
FTS	Fortis Inc
FTV	Fortive Corp
FTWO	Strive Faang 2.0 ETF
FUBO	Fubotv Inc
FUL	H. B. Fuller Company
FUN	Cedar Fair LP
FVRR	Fiverr International Ltd
G	Genpact Ltd
GAB	Gabelli Equity Trust
GAB-G	Gabelli Equity Trust Inc [Gab/Pg]
GAB-H	Gabelli Equity Trust Inc [Gab/Ph]
GAB-K	Gabelli Equity Trust Inc 5% Prf Perpetual USD 25
GAM	General American Investors
GAM-B	General Amern Invs Inc [Gam/Pb]
GAQ	Generation Asia I Acquisition Cl A
GAQ.W	Generation Asia I Acquisition [Gaq/W]
GATO	Gatos Silver Inc
GATX	GATX Corp
GB	Global Blue Group Holding Ag
GB.W	Global Blue Group Holding Ag WT
GBAB	Guggenheim Taxable Muni Bond Inv Grd Debt Trst
GBCI	Glacier Bancorp Inc
GBLI	Global Indemnity Plc
GBTG	Global Business Travel Group Inc
GBX	Greenbrier Companies
GCI	Gannett Inc
GCO	Genesco Inc
GCV	Gabelli Convertible and Income Securities
GD	General Dynamics Corp
GDDY	Godaddy Inc
GDIV	Harbor Dividend Growth Leaders ETF
GDL	The Gdl Fund
GDL-C	Gdl Fund [Gdl/Pc]
GDO	Western Asset Global Corporate Defined
GDOT	Green Dot Corp
GDV	Gabelli Dividend
GDV-H	Gabelli Dividend & Income Trust [Gdv/Ph]
GDV-K	Gabelli Dividend & Income Trust
GE	General Electric Company
GEF	Greif Bros Corp
GEF.B	Greif Bros Corp Cl B
GEL	Genesis Energy LP
GENI	Genius Sports Ltd
GEO	Geo Group Inc
GES	Guess Inc
GETR	Getaround Inc
GETY	Getty Images Holdings Inc Cl A
GF	New Germany Fund
GFF	Griffon Corp
GFI	Gold Fields Ltd ADR
GFL	Gfl Environmental Inc
GFR	Greenfire Resources Ltd
GGB	Gerdau S.A. ADR
GGG	Graco Inc
GGT	Gabelli Global Multi-Media Trust
GGT-E	Gabelli Multimedia Trust Inc [Ggt/Pe]
GGT-G	Gabelli Multimedia Trust Inc 5.125% Prf Perpetua
GGZ	Gabelli Global Small and Mid CA
GHC	Graham Holdings Company
GHG	Greentree Hospitality Group Ltd ADR
GHI	Greystone Housing Impact Investors LP
GHLD	Guild Holdings Company Cl A
GHM	Graham Corp
GHY	PGIM Global High Yield Fund
GIB	CGI Group
GIC	Global Industrial Co.
GIL	Gildan Activewear
GIS	General Mills
GJH	Strats Sm Trust For United States Cellular Corp
GJO	Strats Sm Trust For Wal-Mart Stores Inc Securiti
GJP	Strats Sm Trust For Dominion Resources Inc Secur
GJR	Strats Sm Trust For The Procter & Gamble Co. Sec
GJS	Strats Sm Trust For Goldman Sachs Group Securiti
GJT	Strats Sm Trust For Allstate Corp Securities Ser
GKOS	Glaukos Corp
GL	Globe Life Inc
GL-D	Globe Life Inc 4.25% Junior Debt
GLO-A	Gaslog Partners LP [Glop/Pa]
GLO-B	Gaslog Partners LP [Glop/Pb]
GLO-C	Gaslog Partners LP [Glop/Pc]
GLO-G	Gaslog Ltd 8.75% [Glog/Pa]
GLOB	Globant S.A.
GLP	Global Partners LP
GLP-A	Global Partners LP [Glp/Pa]
GLP-B	Global Partners L.P.
GLT	Glatfelter
GLW	Corning Inc
GM	General Motors Company
GME	Gamestop Corp
GMED	Globus Medical Inc
GMR-A	Global Med REIT Inc [Gmre/Pa]
GMRE	Global Medical REIT Inc
GMS	Gms Inc
GNE	Genie Energy Ltd Cl B
GNK	Genco Shipping & Trading Ltd
GNL	Global Net Lease Inc
GNL-A	Global Net Lease Inc [Gnl/Pa]
GNL-B	Global Net Lease Inc 6.875% Prf Perpetual USD 25
GNL-D	Global Net Lease Inc 7.50% Sr D
GNL-E	Global Net Lease Inc 7.375% Sr E
GNRC	Generac Holdings Inc
GNT	Gabelli Natural Resources Gold
GNT-A	Gamco Nat Res Gold & Income TR [Gnt/Pa]
GNTY	Guaranty Bancshares Inc
GNW	Genworth Financial Inc
GOF	Claymore/Guggenheim Strategic Fund
GOLD	Barrick Gold Corp
GOLF	Acushnet Holdings Corp
GOOS	Canada Goose Holdings Inc
GOTU	Gaotu Techedu Inc ADR
GPC	Genuine Parts Company
GPI	Group 1 Automotive
GPJA	Georgia Power Company Series 2017A 5.00% Jr
GPK	Graphic Packaging Holding Company
GPM-A	Granite Point Mortgage Trust [Gpmt.A]
GPMT	Granite Point Mortgage Trust Inc
GPN	Global Payments Inc
GPOR	Gulfport Energy Corp
GPRK	Geopark Hlds Lmtd
GPS	Gap Inc
GRB-A	Green Brick Partners Inc [Grbk.A]
GRBK	Green Brick Partners
GRC	Gorman-Rupp Company
GRMN	Garmin Ltd
GRN.T	Tiga Acquisition Corp WT [Grnd/W]
GRND	Grindr Inc
GRNT	Granite Ridge Resources Inc
GROV	Grove Collaborative Hldgs Inc
GRP.U	Granite Real Estate Invt TR
GRX	The Gabelli Healthcare & Wellness Trust
GS	Goldman Sachs Group
GS-A	Goldman Sachs Group Inc [Gs/Pa]
GS-C	Goldman Sachs Group Inc [Gs/Pc]
GS-D	Goldman Sachs Group Inc [Gs/Pd]
GS-K	Goldman Sachs Group Inc [Gs/Pk]
GSBD	Goldman Sachs Bdc Inc
GSK	Gsk Plc ADR
GSL	Global Ship Lease Inc
GSL-B	Global Ship Lease Inc [Gsl/Pb]
GTES	Gates Industrial Corp Plc
GTL-B	Chart Industries Inc [Gtls.B]
GTLS	Chart Industries IN
GTN	Gray Television
GTN.A	Gray Television Inc Cl A
GTY	Getty Realty Corp
GUG	Guggenheim Active Allocation Fund
GUT	Gabelli Utility Trust
GUT-C	Gabelli Utility Trust [Gut/Pc]
GVA	Granite Construction Inc
GWH	Ess Tech Inc
GWH.W	Ess Tech Inc WT
GWRE	Guidewire Software Inc
GWW	W.W. Grainger
GXO	Gxo Logistics Inc
GYLD	Arrow DJ Global Yield ETF
H	Hyatt Hotels Corp
HAE	Haemonetics Corp
HAL	Halliburton Company
HASI	Hannon Armstrong Sustainable IN
HAYW	Hayward Holdings Inc
HBB	Hamilton Beach Brands Holding Cl A
HBI	Hanesbrands Inc
HBM	Hudbay Minerals Inc
HCA	Hca Holdings Inc
HCC	Warrior Met Coal Inc
HCI	Homeowners Choice
HCXY	Hercules Capital Inc 6.25% Notes Due 2033
HD	Home Depot
HDB	Hdfc Bank Ltd ADR
HE	Hawaiian Electric Industries
HEI	Heico Corp
HEI.A	Heico Cp Cl A
HEQ	John Hancock Hedged Eqty & Inc
HES	Hess Corp
HESM	Hess Midstream Partners LP
HFR-A	Highland Income Fund [Hfro/Pa]
HFRO	Highland Opportunities and Income Fund
HG	Hamilton Insurance Group Ltd Cl B
HGER	Harbor All-Weather Inflation Focus ETF
HGLB	Highland Global Allocation Fund
HGT.W	Hagerty Inc WT
HGTY	Hagerty Inc
HGV	Hilton Grand Vacations Inc
HHH	Howard Hughes Holdings Inc
HI	Hillenbrand Inc
HIE	Miller/Howard High Income Eqty
HIG	Hartford Financial Services Group
HIG-G	Hartford Financial Services Grp Inc [Hig/Pg]
HII	Huntington Ingalls Industries
HIMS	Hims & Hers Health Inc
HIO	Western Asset High
HIP.W	Hippo Holdings Inc WT [Hipo/W]
HIPO	Hippo Holdings Inc
HIW	Highwoods Properties
HIX	Western Asset High Income Fund II Inc
HIX.P	Western Asset High Incm Fd II [Hix/I/R]
HKD	Amtd Digital Inc ADR
HL	Hecla Mining Company
HL-B	Hecla Mining Company [Hl/Pb]
HLF	Herbalife Ltd
HLI	Houlihan Lokey
HLIO	Helios Technologies Inc
HLL.W	Holley Inc [Hlly/W]
HLLY	Holley Inc
HLN	Haleon Plc
HLT	Hilton Inc
HLX	Helix Energy Solutions Group
HMC	Honda Motor Company ADR
HMN	Horace Mann Educators Corp
HMY	Harmony Gold Mining ADR
HNI	Hon Industries Inc
HOG	Harley-Davidson Inc
HOMB	Home Bancshares Inc
HOUS	Anywhere Real Estate Inc
HOV	Hovnanian Enterprises Inc
HP	Helmerich & Payne
HPE	Hewlett Packard Enterprise Comp
HPF	John Hancock Pfd II
HPI	John Hancock Preferred
HPP	Hudson Pacific Properties
HPP-C	Hudson Pacific Properties Inc
HPQ	HP Inc
HPS	John Hancock Preferred Income Fund III
HQH	Abrdn Healthcare Investors Fund
HQL	Abrdn Life Sciences Investors Fund
HR	Healthcare Realty Trust Inc.
HRB	H&R Block
HRI	Herc Holdings Inc
HRL	Hormel Foods Corp
HRT	Hireright Holdings Corp
HRTG	Heritage Insurance Holdings
HSBC	HSBC Holdings Plc ADR
HSHP	Himalaya Shipping Ltd
HSY	Hershey Foods Corp
HTD	John Hancock Tax Advantaged Dividend
HTFB	Horizon Technology Finance Corp
HTFC	Horizon Technology Finance Corp 6.25%
HTGC	Hercules Technology Growth Capital
HTH	Hilltop Holdings Inc
HTY	John Hancock Tax-Advantaged Global
HUBB	Hubbell Inc B
HUBS	Hubspot Inc
HUM	Humana Inc
HUN	Huntsman Corp
HUYA	Huya Inc ADR
HVT	Haverty Furniture Companies
HVT.A	Haverty Furn Cl A SC
HWM	Howmet Aerospace Inc
HXL	Hexcel Corp
HY	Hyster-Yale Materials Handling
HYA.U	Haymaker Acquisition IV [Hyac.U]
HYA.W	Haymaker Acquisition WT [Hyac/W]
HYAC	Haymaker Acquisition Corp. 4 Cl A
HYB	New America High
HYI	Western Asset High Yield Defined
HYLN	Hyliion Hldg Corp Cl A
HYT	Blackrock High Yield Fund VI Inc
HZO	Marinemax Inc
IAE	VOYA Asia Pacific High Dividend Equity
IAG	Iamgold Corp
IBM	International Business Machines
IBN	Icici Bank Ltd ADR
IBP	Installed Building Products
ICD	Independence Contract Drilling Inc
ICE	Intercontinental Exchange
ICL	Israel Chemicals Ltd
ICR-A	Inpoint Coml Real Estate Income Inc
IDA	Idacorp Inc
IDE	VOYA Infrastructure Industrial
IDT	IDT Corp
IEX	Idex Corp
IFF	International Flavors & Fragrances
IFI.U	Infint Acquisition Corp [Ifin.U]
IFIN	Infint Acquisition Corp Cl A
IFN	India Fund
IFS	Intercorp Financial Services Inc
IGA	VOYA Global Advantage and Premium
IGD	VOYA Global Equity Dividend and Premium
IGI	Western Asset Investment Grade Defined
IGR	CBRE Global Real Estate Income Fund
IGT	International Game Technology
IH	Ihuman Inc ADR
IHD	VOYA Emerging Markets High Dividend
IHG	Intercontinental Hotels Group ADR
IHS	IHS Holding Ltd
IHTA	Invesco High Income 2024 Target Term Fund
IIF	Morgan Stanley India Investment Fund Inc
IIIN	Insteel Industries
IIM	Invesco Insured Muni Income Trust
IIP-A	Innovative Indl Pptys Inc [Iipr/Pa]
IIPR	Innovative Industrial Properties
IMAX	Imax Corp
INFA	Informatica Inc Cl A
INFY	Infosys Ltd ADR
ING	ING Groep N.V. ADR
INGR	Ingredion Inc
INN	Summit Hotel Properties
INN-E	Summit Hotel Pptys Inc [Inn/Pe]
INN-F	Summit Hotel Properties Inc
INSI	Insight Select Income Fund
INSP	Inspire Medical Systems Inc
INST	Instructure Holdings Inc
INSW	International Seaways Inc
INVH	Invitation Homes Inc
ION.W	Ionq Inc WT [Ionq/W]
IONQ	Ionq Inc
IOT	Samsara Inc Cl A
IP	International Paper Company
IPG	Interpublic Group of Companies
IPI	Intrepid Potash Inc
IQI	Invesco Quality Muni Income Trust
IQV	Iqvia Holdings Inc
IR	Ingersoll Rand Inc
IRM	Iron Mountain Inc
IRR.W	Integrated Rail & Resources Acquisition WT [Irrx
IRRX	Integrated Rail and Resources Acquisition Corp
IRS	Irsa Inversiones Y Representaciones S.A. ADR
IRS.W	Irsa Inversiones Y Representaciones S.A. WT
IRT	Independence Realty Trust Inc
ISD	PGIM High Yield Bond Fund Inc.
IT	Gartner Inc
ITGR	Integer Holdings Corp
ITT	ITT Inc
ITUB	Itau Unibanco Banco Holding S.A. ADR
ITW	Illinois Tool Works Inc
IVR	Invesco Mortgage Capital Inc
IVR-B	Invesco Mortgage Capital Inc [Ivr/Pb]
IVR-C	Invesco Mortgage Capital Inc [Ivr/Pc]
IVT	Inventrust Pptys Corp
IVZ	Invesco Plc
IX	Orix Corp ADR
J	Jacobs Engineering Group Inc
JBGS	Jbg Smith Properties
JBI	Janus International Group Inc
JBK	Lehman Abs Corp
JBL	Jabil Circuit
JBND	JPM Active Bond ETF
JBT	John Bean Technologies Corp
JCE	Nuveen Core Equity Alpha Fund
JCI	Johnson Controls Intl
JEF	Jefferies Financial Group Inc
JELD	Jeld-Wen Holding Inc
JEQ	Japan Equity Fund
JFR	Nuveen Floating Rate
JGH	Nuveen Global High Income Fund
JHG	Janus Henderson Group Plc
JHI	John Hancock Investors Trust
JHS	John Hancock Income Securities Trust
JHX	James Hardie Industries Se ADR
JILL	J. Jill Inc
JKS	Jinkosolar Holding Company ADR
JLL	Jones Lang Lasalle Inc
JLS	Nuveen Mortgage Opportunity Term Fund
JMIA	Jumia Technologies Ag ADR
JMM	Nuveen Multi-Market Income Fund Inc
JNJ	Johnson & Johnson
JNPR	Juniper Networks
JOB.W	Joby Aviation Inc WT
JOBY	Joby Aviation Inc
JOE	St. Joe Company
JOF	Japan Smaller Capitalization Fund Inc
JPC	Nuveen Preferred and Convertible
JPI	Nuveen Preferred and Income Term Fund
JPM	JP Morgan Chase & Company
JPM-C	Jpmorgan Chase & Co. [Jpm/Pc]
JPM-D	Jpmorgan Chase & Co. [Jpm/Pd]
JPM-J	Jpmorgan Chase & Co. [Jpm/Pj]
JPM-K	Jpmorgan Chase & Co. [Jpm/Pl]
JPM-L	Jpmorgan Chase & Co. [Jpm/Pl]
JPM-M	Jpmorgan Chase & Co. [Jpm/Pm]
JQC	Nuveen Preferred and Convertible 2
JRI	Nuveen Real Asset Income and Gr
JRS	Nuveen Real Estate Fund
JT	Jianpu Technology Inc ADR
JWN	Nordstrom
JXN	Jackson Financial Inc Cl A
JXN-A	Jackson Financial Inc Pfd A
K	Kellanova
KAI	Kadant Inc
KAMN	Kaman Corp
KAR	Openlane Inc
KB	KB Financial Group Inc ADR
KBH	KB Home
KBR	KBR Inc
KCG.U	Kensington Capital Acquisition [Kcgi.U]
KCG.W	Kensington Capital Acquisition WT [Kcgi/W]
KCGI	Kensington Capital Acquisition Corp V Cl A
KD	Kyndryl Hldgs Inc
KEN	Kenon Holdings Ltd
KEP	Korea Electric Power Corp ADR
KEX	Kirby Corp
KEY	Keycorp
KEY-I	Keycorp [Key/Pi]
KEY-J	Keycorp [Key/Pj]
KEY-K	Keycorp [Key/Pk]
KEY-L	Keycorp
KEYS	Keysight Technologies Inc
KF	Korea Fund
KFS	Kingsway Financial Services
KFY	Korn/Ferry International
KGC	Kinross Gold Corp
KGS	Kodiak Gas Services Inc
KIM	Kimco Realty Corp
KIM-L	Kimco Realty Corp [Kim/Pl]
KIM-M	Kimco Realty Corp [Kim/Pm]
KIM-N	Kimco Realty Corporation ADR
KIND	Nextdoor Holdings Inc.
KIO	KKR Income Opportunities Fund
KKR	KKR & Company LP
KKRS	KKR Group Finance Ix Llc
KLG	Wk Kellogg CO
KMB	Kimberly-Clark Corp
KMI	Kinder Morgan
KMPB	Kemper Corp 5.875%
KMPR	Kemper Corp
KMT	Kennametal Inc
KMX	Carmax Inc
KN	Knowles Corp
KNF	Knife River Holding CO
KNOP	Knot Offshore Partners LP
KNSL	Kinsale Capital Group Inc
KNTK	Kinetik Holdings Inc
KNX	Knight-Swift Transporation Inc
KO	Coca-Cola Company
KODK	Eastman Kodak
KOF	Coca Cola Femsa S.A.B. DE C.V. ADR
KOP	Koppers Holdings Inc
KORE	Kore Group Holdings Inc
KOS	Kosmos Energy Ltd
KR	Kroger Company
KRC	Kilroy Realty Corp
KRE-A	KKR Real Estate Finance Trust Inc [Kref/Pa]
KREF	KKR Real Estate Finance Trust Inc
KRG	Kite Realty Group Trust
KRO	Kronos Worldwide Inc
KRP	Kimbell Royalty Partners
KSM	Scudder Strategic Municiple Income Trust
KSS	Kohl's Corp
KT	Korea Telecom Corp ADR
KTB	Kontoor Brands Inc
KTF	Scudder Municiple Income Trust
KTH	Lehman Abs Corp
KTN	Lehman Abs Corp
KUKE	Kuke Music Holding Ltd ADR
KVUE	Kenvue Inc
KVYO	Klaviyo Inc Series A
KW	Kennedy-Wilson Holdings Inc
KWR	Quaker Chemical Corp
KYN	Kayne Anderson MLP Investment Company
L	Loews Corp
LAAC	Lithium Americas (Argentina) Corp
LAC	Lithium Americas Corp
LAD	Lithia Motors
LADR	Ladder Capital Corp
LAN.W	Lanvin Group Holdings Ltd WT [Lanv/W]
LANV	Lanvin Group Holdings Limited
LAW	CS Disco Inc
LAZ	Lazard Inc
LBRT	Liberty Energy Inc
LC	Lendingclub Corp
LCII	Lci Industries
LCW	Learn Cw Investment Corp Cl A
LCW.U	Learn Cw Investment Corp Units
LCW.W	Learn Cw Investment Corp WT
LDI	Loandepot Inc Cl A
LDOS	Leidos Holdings Inc
LDP	Cohen & Steers Ltd Duration Prfd Income Fund
LEA	Lear Corp
LEG	Leggett & Platt Inc
LEJU	Leju Holdings Ltd ADR
LEN	Lennar Corp
LEN.B	Lennar Corp Cl B
LEO	Dreyfus Strategic Municipals
LEV	The Lion Electric Co.
LEV.A	The Lion Electric Company WT [Lev/Wa]
LEV.W	The Lion Electric WT
LEVI	Levi Strauss & Company Cl A
LFT	Lument Finance Trust Inc
LFT-A	Lument Finance Trust Inc
LGF.A	Lions Gate Entertainment Corp Cl A
LGF.B	Lions Gate Entertainment Corp Cl B
LGI	Lazard Global Total Return and
LH	Laboratory Corp of America Holdings
LHX	L3Harris Technologies Inc
LICY	Li-Cycle Holdings Corp
LII	Lennox International
LITB	Lightinthebox Holding Ltd ADR
LL	LL Flooring Hldgs Inc
LLA.W	Terran Orbital Corp WT [Llap/W]
LLAP	Terran Orbital Corp
LLY	Eli Lilly and Company
LMND	Lemonade Inc
LMT	Lockheed Martin Corp
LNC	Lincoln National Corp
LNC-D	Lincoln National Corp
LND	Brasilagro ADR
LNG	Cheniere Energy
LNN	Lindsay Corp
LOB	Live Oak Bancsh
LOCL	Local Bounti Corp
LOMA	Loma Negra Comp Indu Argentina Sociedad ADR
LOW	Lowe's Companies
LPG	Dorian Lpg Ltd
LPL	Lg Display Company Ltd ADR
LPX	Louisiana-Pacific Corp
LRN	Stride Inc
LSPD	Lightspeed Commerce Inc
LTC	Ltc Properties
LTH	Life Time Group Holdings Inc
LU	Lufax Holding Ltd ADR
LUMN	Lumen Technologies Inc
LUV	Southwest Airlines Company
LVS	Las Vegas Sands
LVW.W	Livewire Group Inc WT [Lvwr/W]
LVWR	Livewire Group Inc
LW	Lamb Weston Holdings Inc
LXFR	Luxfer Holdings Plc
LXP	Lxp Industrial Trust
LXP-C	Lexington Realty Trust [Lxp/Pc]
LXU	Lsb Industries Inc
LYB	Lyondellbasell Industries NV
LYG	Lloyds Banking Group Plc ADR
LYV	Live Nation Entertainment
LZB	La-Z-Boy Inc
LZM	Lifezone Metals Limited
LZM.W	Lifezone Metals Limited WT
M	Macy's Inc
MA	Mastercard Inc
MAA	Mid-America Apartment Communities
MAA-I	Mid Amer Apt Cmntys Inc [Maa/Pi]
MAC	Macerich Company
MAIN	Main Street Capital Corp
MAN	Manpower Inc
MANU	Manchester United Ltd
MAS	Masco Corp
MATV	Mativ Holdings Inc
MATX	Matson Inc
MAV	Pioneer Municipal High Income Advantage Fund
MAX	Mediaalpha Inc Cl A
MBC	Masterbrand Inc
MBI	MBIA Inc
MC	Moelis
MCB	Metropolitan Bank Holding Corp
MCD	McDonald's Corp
MCI	Massmutual Corporate Investors
MCK	Mckesson Corp
MCN	Madison/Claymore Covered Call & Equity Strategy
MCO	Moody's Corp
MCR	MFS Charter Income Trust
MCS	Marcus Corp
MCW	Mister Car Wash Inc
MCY	Mercury General Corp
MD	Pediatrix Medical Group Inc
MDC	M.D.C. Holdings
MDT	Medtronic Inc
MDU	Mdu Res Group Inc
MDV	Modiv Inc Cl C
MDV-A	Modiv Industrial Inc
MEC	Mayville Engineering Company
MED	Medifast Inc
MEG	Montrose Environmental Group Inc
MEGI	Mainstay CBRE Global Infrastructure Megatrends F
MEI	Methode Electronics
MER-K	Bank of America Corp [Mer/Pk]
MET	Metlife Inc
MET-A	Metlife Inc [Met/Pa]
MET-E	Metlife Inc [Met/Pe]
MET-F	Metlife Inc [Met/Pf]
MFA	MFA Financial Inc
MFA-B	MFA Financial Inc [Mfa/Pb]
MFA-C	MFA Financial Inc [Mfa/Pc]
MFAN	MFA Financial Inc 8.875% Senior Notes Due 2029
MFC	Manulife Financial Corp
MFD	Macquarie/First Trust Global
MFG	Mizuho Financial Group ADR
MFM	MFS Muni Income Trust
MFV	MFS Special Value Trust
MG	Mistras Group Inc
MGA	Magna International
MGF	MFS Government Markets Income Trust
MGM	MGM Resorts International
MGR	Affiliated Managers Group Inc
MGRB	Affiliated Managers Group Inc 4.750% Junior Sub
MGRD	Affiliated Managers Group Inc 4.200%
MGY	Magnolia Oil & Gas Corp
MHD	Blackrock Muniholdings Fund
MHF	Western Asset Muni High
MHI	Pioneer Muni High Income Trust
MHK	Mohawk Industries
MHLA	Maiden Holdings Ltd 6.625% No
MHN	Blackrock Muniholdings New York Quality Fund
MHNC	Maiden Holdings North America
MHO	M/I Homes
MIN	MFS Intermediate Income Trust
MIO	Pioneer Municipal High Income Opportunities Fund
MIR	Mirion Technologies Inc
MIR.W	Mirion Technologies Inc WT
MIT-A	Ag Mtg Invt TR Inc [Mitt/Pa]
MIT-B	Ag Mtg Invt TR Inc [Mitt/Pb]
MIT-C	Ag Mtg Invt TR Inc [Mitt/Pc]
MITN	Ag Mortgage Investment Trust 9.500%
MITT	Ag Mortgage Investment Trust
MIXT	Mix Telematics Ltd ADR
MIY	Blackrock Muniyield Michigan Quality Fund
MKC	Mccormick & Company
MKC.V	Mccormick & Company Inc
MKF.W	Markforged Hldg Corp WT
MKFG	Markforged Hldg Corp
MKL	Markel Corp
ML	Moneylion Inc
ML.W	Moneylion Inc WT
MLI	Mueller Industries
MLM	Martin Marietta Materials
MLNK	Meridianlink Inc
MLP	Maui Land & Pineapple Company
MLR	Miller Industries
MMC	Marsh & Mclennan Companies
MMD	Mainstay Defined Muni Opp Fund
MMI	Marcus & Millichap
MMM	3M Company
MMS	Maximus Inc
MMT	MFS Multimarket Income Trust
MMU	Western Asset Managed Municipals Fund
MNR	Mach Natural Resources LP
MNSO	Miniso Group Holding Ltd ADR
MNT.W	Everest Consolidator Acquisition WT [Mntn/W]
MNTN	Everest Consolidator Acquisition Corp Cl A
MO	Altria Group
MOD	Modine Manufacturing Company
MODG	Topgolf Callaway Brands Corp
MODN	Model N Inc
MOG.A	Moog Inc Cl A
MOG.B	Moog Inc Cl B
MOGU	Mogu Inc ADR
MOH	Molina Healthcare Inc
MOS	Mosaic Company
MOV	Movado Group Inc
MP	Mp Materials Corp
MPA	Blackrock Muniyield Pennsylvania Quality Fund
MPC	Marathon Petroleum Corp
MPLN	Multiplan Corp
MPLX	Mplx LP
MPV	Barings Participation Investors
MPW	Medical Properties Trust
MPX	Marine Products Corp
MQT	Blackrock Muniyield Quality Fund II
MQY	Blackrock Muniyield Quality Fund
MRC	Mrc Global Inc
MRD.W	Mariadb Plc WT [Mrdb/W]
MRDB	Mariadb Plc
MRK	Merck & Company
MRO	Marathon Oil Corp
MS	Morgan Stanley
MS-A	Morgan Stanley [Ms/Pa]
MS-E	Morgan Stanley [Ms/Pe]
MS-F	Morgan Stanley [Ms/Pf]
MS-I	Morgan Stanley [Ms/Pi]
MS-K	Morgan Stanley [Ms/Pk]
MS-L	Morgan Stanley 4.875% Prf Perpetual USD 25 1/100
MS-O	Morgan Stanley
MS-P	Morgan Stanley
MSA	Msa Safety Inc
MSB	Mesabi Trust
MSC	Studio City Intl Holdings Ltd ADR
MSCI	MSCI Inc
MSD	Morgan Stanley Emerging Markets Debt
MSDL	Morgan Stanley Direct Lending Fund
MSGE	Madison Square Garden Entmt Corp
MSGS	Madison Square Garden Sports Corp
MSI	Motorola Solutions
MSM	Msc Industrial Direct Company
MT	Arcelormittal ADR
MTA.W	Metals Acquisition Corp WT [Mtal/W]
MTAL	Metals Acquisition Corp Cl A
MTB	M&T Bank Corp
MTB-H	M&T Bank Corp Perpetual Rate
MTBL	Moatable Inc ADR
MTD	Mettler-Toledo International
MTDR	Matador Resources Company
MTG	Mgic Investment Corp
MTH	Meritage Corp
MTN	Vail Resorts
MTR	Mesa Royalty Trust
MTRN	Materion Corp
MTUS	Metallus Inc
MTW	Manitowoc Company
MTX	Minerals Technologies Inc
MTZ	Mastec Inc
MUA	Blackrock Muniassets Fund
MUC	Blackrock Muniholdings California Quality Fund
MUE	Blackrock Muniholdings Quality Fund II
MUFG	Mitsubishi Ufj Financial Group ADR
MUI	Blackrock Muni Intermediate Duration Fund Inc
MUJ	Blackrock Muniholdings New Jersey Insured Fund
MUR	Murphy Oil Corp
MUSA	Murphy USA Inc
MUX	Mcewen Mining Inc
MVF	Munivest Fund
MVO	Mv Oil Trust
MVT	Blackrock Munivest Fund II
MWA	Mueller Water Products
MX	Magnachip Semiconductor Corp
MXE	Mexico Equity and
MXF	Mexico Fund
MYD	Blackrock Muniyield Fund
MYE	Myers Industries
MYI	Blackrock Muniyield Quality Fund III
MYN	Blackrock Muniyield New York Quality Fund
MYTE	Myt Netherlands Parent B.V. ADR
NABL	N-Able Inc
NAC	Nuveen California Divadv Fund
NAD	Nuveen Divadv Fund
NAN	Nuveen New York Divadv Fund
NAPA	The Duckhorn Portfolio Inc
NAT	Nordic American Tanker Shipping Ltd
NATL	NCR Atleos Corporation
NAZ	Nuveen Arizona Premium Fund
NBB	Nuveen Build America Bond Fund
NBHC	National Bank Holdings Corp
NBR	Nabors Industries
NBXG	Neuberger Next Gen Connectivity Fund Inc
NC	Nacco Industries
NCA	Nuveen California Muni Value Fund
NCDL	Nuveen Churchill Direct Lending Corp
NCLH	Norwegian Cruise Ord
NCV	Virtus Convertible & Income Fund
NCV-A	Virtus Convertible & Income Fund 5.625% [Ncv/Pa]
NCZ	Virtus Convertible & Income Fund II
NCZ-A	Virtus Convertible & Income Fund II 5.50% [Ncz/P
NDMO	Nuveen Dynamic Municipal Opportunities Fund Comm
NDP	Tortoise Energy Independence F
NE	Noble Corp Plc
NE.A	Noble Corporation WT 2 [Ne/Wa]
NE.W	Noble Corporation WT 1 [Ne/W]
NEA	Nuveen Insured Tax-Free Advantage Fund
NEE	Nextera Energy
NEE-N	Nextera Energy Capital Hlds Inc [Nee/Pn]
NEE-R	Nextera Energy Inc
NEM	Newmont Mining Corp
NEP	Nextera Energy Partners LP
NET	Cloudflare Inc Cl A
NEU	Newmarket Corp
NEUE	Neuehealth Inc
NEXA	Nexa Resources S.A.
NFG	National Fuel Gas Company
NFJ	Virtus Dividend Interest & Premium Strategy Fund
NFY.U	Enphys Acquisition Corp [Nfys.U]
NFY.W	Enphys Acquisition Corp WT [Nfys/W]
NFYS	Enphys Acquisition Corp Cl A
NGG	National Grid Transco Plc ADR
NGL	Ngl Energy Partners LP
NGL-B	Ngl Energy Partners LP [Ngl/Pb]
NGL-C	Ngl Energy Partners LP [Ngl/Pc]
NGS	Natural Gas Services Group
NGVC	Natural Grocers By Vitamin Cottage Inc
NGVT	Ingevity Corp
NHI	National Health Investors
NI	NiSource Inc
NI-B	NiSource Inc [Ni/Pb]
NIC	Nicolet Bankshares Inc
NIE	Virtus Equity & Convertible Income Fund
NIM	Nuveen Maturities Fund
NINE	Nine Energy Service Inc
NIO	Nio Inc ADR
NJR	Newjersey Resources Corp
NKE	Nike Inc
NKX	Nuveen Insured California Tax-Free
NL	NL Industries
NLOP	Net Lease Office Properties
NLY	Annaly Capital Management Inc
NLY-F	Annaly Cap Mgmt Inc [Nly/Pf]
NLY-G	Annaly Cap Mgmt Inc [Nly/Pg]
NLY-I	Annaly Cap Mgmt Inc [Nly/Pi]
NMAI	Nuveen Multi-Asset Income Fund
NMCO	Nuveen Municipal Credit Opportunities Fund
NMG	Nouveau Monde Graphite Inc
NMI	Nuveen Muni
NMM	Navios Maritime Partners LP
NMR	Nomura Holdings Inc ADR
NMS	Nuveen Minnesota Municipal Inco
NMT	Nuveen Massachusetts Premium Fund
NMZ	Nuveen Muni High Income Opportunity
NNI	Nelnet Inc
NNN	NNN REIT Inc
NNY	Nuveen New York Muni Value Fund
NOA	North American Construction Group Ltd
NOAH	Noah Holdings Ltd ADR
NOC	Northrop Grumman Corp
NOG	Northern Oil and Gas
NOK	Nokia Corp ADR
NOM	Nuveen Missouri Premium Fund
NOMD	Nomad Foods Ltd
NOT.W	Fiscalnote Hldgs Inc WT [Note.W]
NOTE	Fiscalnote Hldgs Inc
NOV	Nov Inc
NOVA	Sunnova Energy International
NOW	Servicenow Inc
NPCT	Nuveen Core Plus Impact Fund
NPFD	Nuveen Variable Rate Preferred & Income Fund
NPK	National Presto Industries
NPO	Enpro Inc
NPV	Nuveen Virginia Premium Fund
NPW.W	Net Power Inc. WT [Npwr/W]
NPWR	Net Power Inc.
NQP	Nuveen Pennsylvania Investment
NR	Newpark Resources
NRDY	Nerdy Inc
NRE-A	Nexpoint Real Estate Finance [Nref/Pa]
NREF	Nexpoint Real Estate Finance Inc
NRG	NRG Energy
NRGV	Energy Vault Hldgs Inc
NRK	Nuveen Insured New York Tax-Free
NRP	Natural Resource Partners LP
NRT	North European Oil Royality Trust
NRUC	National Rural Utilities Coop Finance Corp 5.500
NS	Nustar Energy LP
NS-A	Nustar Energy LP [Ns/Pa]
NS-B	Nustar Energy LP [Ns/Pb]
NS-C	Nustar Energy LP [Ns/Pc]
NSA	National Storage Affiliates Tru
NSA-A	National Storage Affiliates TR [Nsa/Pa]
NSC	Norfolk Southern Corp
NSP	Insperity Inc
NSS	Nustar Logistics LP
NTB	Bank of Butterfield Ltd
NTEST.I	
NTG	Tortoise MLP Fund
NTR	Nutrien Ltd
NTST	Netstreit Corp
NTZ	Natuzzi S.P.A. ADR
NU	Nu Holdings Ltd Cl A
NUE	Nucor Corp
NUS	Nu Skin Enterprises
NUV	Nuveen Muni Value Fund
NUV.W	Nuvation Bio Inc WT [Nuvb/W]
NUVB	Nuvation Bio Inc
NUW	Nuveen Muni Value Fund
NVG	Nuveen Insured Divadv Fund
NVGS	Navigator Holdings
NVO	Novo Nordisk A/S ADR
NVR	NVR Inc
NVRI	Enviri Corporation
NVRO	Nevro Corp
NVS	Novartis Ag ADR
NVST	Envista Holdings Corp
NVT	Nvent Electric Plc
NWG	Natwest Group Plc ADR
NWN	Northwest Natural Gas Company
NX	Quanex Building Products Corp
NXC	Nuveen California Tax-Free Income
NXD-A	Nexpoint Diversified Re Trust Pfd
NXDT	Nexpoint Diversified Real Estate Trust
NXE	Nexgen Energy Ltd
NXG	Nxg Nextgen Infrastructure Income Fund
NXJ	Nuveen New Jersey Divadv Fund
NXN	Nuveen Insured New York Tax-Free
NXP	Nuveen Tax Free Income Portfolio
NXRT	Nexpoint Residential Trust Inc
NYC	American Strategic Investment CO
NYC-A	New York Community Bancorp Inc [Nycb/Pa]
NYC-U	New York Cmnty Cap TR V [Nycb/Pu]
NYCB	New York Community Bancorp
NYT	New York Times Company
NZF	Nuveen Divadv Fund 3
O	Realty Income Corp
O.P	Realty Income Corporation 6.000% Series A Cumula
OAK-A	Oaktree Cap Group Llc [Oak/Pa]
OAK-B	Oaktree Cap Group Llc [Oak/Pb]
OBDC	Blue Owl Capital Corp
OBDE	Blue Owl Capital Corporation III
OBK	Origin Bancorp Inc
OC	Owens Corning Inc
OCFT	Oneconnect Financial Technology Ltd America
OCN	Ocwen Financial Corp
ODC	Oil-Dri Corp of America
ODV	Osisko Dev Corp
OEC	Orion S.A.
OFG	OFG Bancorp
OGE	Oge Energy Corp
OGN	Organon & Co.
OGS	One Gas Inc
OHI	Omega Healthcare Investors
OI	O-I Glass Inc
OIA	Invesco Muni Income Trust
OII	Oceaneering International
OIS	Oil States International
OKE	Oneok Inc
OLN	Olin Corp
OLO	Olo Inc Cl A
OLP	One Liberty Properties
OMC	Omnicom Group Inc
OMF	Onemain Holdings Inc
OMI	Owens & Minor
ONL	Orion Office REIT Inc
ONON	On Holding Ag Cl A
ONTF	On24 Inc
ONTO	Onto Innovation Inc
OOMA	Ooma Inc
OPAD	Offerpad Solutions Inc
OPF.W	Oppfi Inc [Opfi/W]
OPFI	Oppfi Inc
OPP	Doubleline Strategic Opportunity Fund
OPP-A	Rivernorth/Doubleline Strategic Opportunity Fund
OPP-B	Rivernorth/Doubleline Strategic Opportunity Fund
OPY	Oppenheimer Holdings
OR	Osisko Gold Royalties Ltd
ORA	Ormat Technologies
ORAN	Orange ADR
ORC	Orchid Island Capital Inc
ORCL	Oracle Corp
ORI	Old Republic International Corp
ORN	Orion Group Holdings Inc
OSCR	Oscar Health Inc Cl A
OSG	Overseas Shipholding Group Inc
OSI	Osiris Acquisition Corp Cl A
OSI.U	Osiris Acquisition Corp
OSI.W	Osiris Acquisition Corp WT
OSK	Oshkosh Truck Corp
OTIS	Otis Worldwide Corp
OUS.W	Ouster Inc WT [Oust/W]
OUST	Ouster Inc
OUT	Outfront Media Inc
OVV	Ovintiv Inc
OWL	Blue Owl Capital Inc
OWLT	Owlet Inc
OXM	Oxford Industries
OXY	Occidental Petroleum Corp
OXY.W	Occidental Petroleum Corp WT [Oxy/W/I]
PAAS	Pan Amer Silver Corp
PAC	Grupo Aeroportuario Del Pacifico ADR
PACK	Ranpak Holdings Corp
PAG	Penske Automotive Group
PAGS	Pagseguro Digital Ltd Cl A
PAI	Pacific American Income Shares
PAM	Pampa Energia S.A. ADR
PAR	Par Technology Corp
PARR	Par Pacific Holdings Inc
PATH	Uipath Inc Cl A
PAXS	Pimco Access Income Fund
PAY	Paymentus Holdings Inc Cl A
PAYC	Paycom Software Inc
PB	Prosperity Bancshares
PBA	Pembina Pipeline Cor
PBF	PBF Energy Inc
PBH	Prestige Brand Holdings
PBI	Pitney Bowes Inc
PBI-B	Pitney Bowes Inc [Pbi/Pb]
PBR	Petroleo Brasileiro S.A. Petrobras ADR
PBR.A	Petroleo Brasileiro S.A. Petrobras ADR
PBT	Permian Basin Royalty Trust
PCF	Putnam High Income Bond Fund
PCG	Pacific Gas & Electric Company
PCK	Pimco California Muni II
PCM	Pimco Commercial Mortgage Securities
PCN	Pimco Corporate
PCOR	Procore Technologies Inc
PCQ	Pimco California Muni
PD	Pagerduty Inc
PDI	Pimco Dynamic Income Fund
PDM	Piedmont Office Realty Trust
PDO	Pimco Dynamic Income Opportunities Fund
PDS	Precision Drilling Corp
PDT	John Hancock Premium Dividend Fund
PDX	Pimco Dynamic Income Strategy Fund
PEAK	Healthpeak Properties Inc
PEB	Pebblebrook Hotel Trust
PEB-E	Pebblebrook Hotel TR [Peb/Pe]
PEB-F	Pebblebrook Hotel TR [Peb/Pf]
PEB-G	Pebblebrook Hotel Trust
PEB-H	Pebblebrook Hotel Trust
PEG	Public Service Enterprise Group Inc
PEN	Penumbra Inc
PEO	Adams Natural Resources Fund Inc
PER.W	Perfect Corp WT [Perf.Ws]
PERF	Perfect Corp Cl A
PFD	Flaherty & Crumrine Preferred Inc
PFE	Pfizer Inc
PFGC	Performance Food Group Company
PFH	Prudential Financial Inc 4.125% Junior
PFL	Pimco Income Strategy Fund
PFLT	Pennantpark Fltng Rt
PFN	Pimco Income Strategy Fund II
PFO	Flaherty & Crumrine Preferred Fund
PFS	Provident Financial Services
PFSI	Pennymac Financial Services IN
PG	Procter & Gamble Company
PGP	Pimco Global Stocksplus & Income
PGR	Progressive Corp
PGRE	Paramount Group Inc
PGRU	Propertyguru Group Ltd
PGS.U	Pegasus Digital Acquisition Corp [Pgss.U]
PGS.W	Pegasus Digital Acquisition Corp WT [Pgss/W]
PGSS	Pegasus Digital Mobility Acquisition Corp Cl A
PGTI	Pgt Innovations Inc
PGZ	Principal Real Estate Income F
PH	Parker-Hannifin Corp
PHD	Pioneer Floating Rate Fund
PHG	Koninklijke Philips Electronics ADR
PHI	Philippine Long Distance Telephone ADR
PHIN	Borgwarner Inc
PHK	Pimco High Income Fund
PHM	Pultegroup
PHR	Phreesia Inc
PHT	Pioneer High Income Fund
PHX	Phx Minerals Inc
PHY.U	Pyrophyte Acquisition Corp [Phyt.U]
PHY.W	Pyrophyte Acquisition Corp WT [Phyt/W]
PHYT	Pyrophyte Acquisition Corp Cl A
PII	Polaris Inc
PIM	Putnam Master Intermediate Income
PINE	Alpine Income Property Trust Inc
PINS	Pinterest Inc
PIPR	Piper Jaffray Companies
PJT	Pjt Partners Inc Cl A
PK	Park Hotels & Resorts Inc
PKE	Park Electrochemical Corp
PKG	Packaging Corp of America
PKST	Peakstone Realty Trust
PKX	Posco Holdings Inc ADR
PL	Planet Labs Pbc
PL.W	Planet Labs Pbc WT
PLD	Prologis Inc
PLNT	Planet Fitness
PLOW	Douglas Dynamics
PLTR	Palantir Technologies Inc Cl A
PLYM	Plymouth Industrial REIT Inc
PM	Philip Morris International Inc
PMF	Pimco Muni
PML	Pimco Muni II
PMM	Putnam Managed Muni Income Trust
PMO	Putnam Muni Opportunities Trust
PMT	Pennymac Mortgage Investment Trust
PMT-A	Pennymac Mtg Invt TR [Pmt/Pa]
PMT-B	Pennymac Mtg Invt TR [Pmt/Pb]
PMT-C	Penny Mac Mortgage Investment Trust
PMTU	Pennymac Mortgage Investment Trust 8.50%
PMX	Pimco Muni Income Fund III
PNC	PNC Bank
PNF	Pimco New York Muni
PNI	Pimco New York Muni II
PNM	PNM Resources Inc
PNNT	Pennantpark Investme
PNR	Pentair Ltd
PNS.W	Pinstripes Holdings Inc WT
PNST	Pinstripes Holdings Inc
PNW	Pinnacle West Capital Corp
POR	Portland General Electric Company
POR.U	Southport Acquisition Corp [Port.U]
POR.W	Southport Acquisition Corp WT [Port/W]
PORT	Southport Acquisition Corp Cl A
POST	Post Holdings Inc
PPG	PPG Industries
PPL	PPL Corp
PPT	Putnam Premier Income Trust
PR	Permian Resources Corp
PRA	Pro-Assurance Corp
PRE-J	Partnerre Ltd
PRG	Prog Hldgs Inc
PRGO	Perrigo Company
PRH	Prudential Financial 5.950% Notes
PRI	Primerica Inc
PRI-D	Priority Income Fund Inc [Prif/Pd]
PRI-F	Priority Income Fund Inc [Prif/Pf]
PRI-G	Priority Income Fund Inc [Prif/Pg]
PRI-H	Priority Income Fund Inc
PRI-I	Priority Income Fd
PRI-J	Priority Income Fund Inc
PRI-K	Priority Income Fund Inc
PRI-L	Priority Income Fund Inc [Prif.Pl]
PRIM	Primoris Services Cp
PRKS	United Parks & Resorts Inc
PRLB	Proto Labs Inc
PRM	Perimeter Solutions Sa
PRMW	Primo Water Corp
PRO	Pros Holdings
PRS	Prudential Financial Inc 5.625% Junior
PRT	Permrock Royalty Trust Trust Units
PRU	Prudential Financial Inc
PSA	Public Storage
PSA-F	Public Storage [Psa/Pf]
PSA-G	Public Storage [Psa/Pg]
PSA-H	Public Storage [Psa/Ph]
PSA-I	Public Storage [Psa/Pi]
PSA-J	Public Storage [Psa/Pj]
PSA-K	Public Storage [Psa/Pk]
PSA-L	Public Storage [Psa/Pl]
PSA-M	Public Storage
PSA-N	Public Storage
PSA-O	Public Storage [Psa/Po]
PSA-P	Public Storage
PSA-Q	Public Storage
PSA-R	Public Storage
PSA-S	Public Storage
PSBD	Palmer Square Capital Bdc Inc
PSE-A	Prospect Capital Corp
PSF	Cohen & Steers Preferred Fund
PSF.W	Paysafe Ltd WT [Psfe/W]
PSFE	Paysafe Ltd
PSN	Parsons Corp
PSO	Pearson Plc ADR
PSQ.W	Psq Holdings Inc WT [Psqh.W]
PSQH	Psq Holdings Inc
PSTG	Pure Storage Inc
PSTL	Postal Realty Trust Cl A
PSX	Phillips 66
PTA	Cohen & Steers Tax-Advantaged Preferred Securiti
PTY	Pimco Corporate Opportunity Fund
PUK	Prudential Public Ltd Company ADR
PUMP	Propetro Holding Corp
PVH	Phillips-Van Heusen Corp
PVL	Permianville Royalty Trust
PWR	Quanta Services
PWSC	Powerschool Holdings Inc Cl A
PX	P10 Inc Cl A
PXD	Pioneer Natural Resources Company
PYN	Pimco New York Muni Income Fund III
PYT	Pplus Trust
PZC	Pimco California Muni Income Fund III
QBT.W	Dwave Quantum Inc WT [Qbts/W]
QBTS	D-Wave Quantum Inc
QD	Qudian Inc ADR
QGEN	Qiagen N.V.
QS	Quantumscape Corp
QSR	Restaurant Brands International
QTWO	Q2 Holdings Inc
QUAD	Quad Graphics Inc
QVCC	Qvc Inc 6.250% Senior Secured Notes Due 2068
QVCD	Qvc Inc 6.375% Senior Secured Notes Due 2067
R	Ryder System
RA	Brookfield Real Assets Income Fund Inc
RACE	Ferrari N.V.
RAMP	Liveramp Holdings Inc
RBA	Rb Global Inc
RBC	RBC Bearings Inc
RBCP	RBC Bearings Inc
RBLX	Roblox Corp Cl A
RBO.W	Vicarious Surgical Inc WT [Rbot.W]
RBOT	Vicarious Surgical Inc
RBT	Rubicon Technologies Cl A
RC	Ready Capital Corp
RC-C	Ready Capital Corp 6.25% Series C
RC-E	Ready Capital Corp
RCB	Ready Capital Corp 6.20% Senior Notes Due
RCC	Ready Capital Corp 5.75%
RCF.U	Rcf Acquisition Corp [Rcfa.U]
RCF.W	Rcf Acquisition Corp Units WT [Rcfa/W]
RCFA	Rcf Acquisition Corp Cl A
RCI	Rogers Communication
RCL	Royal Caribbean Cruises Ltd
RCS	Rcm Strategic Global Government Fund
RCUS	Arcus Biosciences Inc
RDN	Radian Group Inc
RDW	Redwire Corp
RDW.W	Redwire Corp Redeemable WT
RDY	Dr. Reddy's Laboratories Ltd ADR
RELX	Relx Plc ADR
RERE	Aihuishou International Ltd ADR
RES	RPC Inc
REVG	Rev Group Inc
REX	Rex American Resources Corp
REX-B	Rexford Indl Rlty Inc [Rexr/Pb]
REX-C	Rexford Indl Rlty Inc [Rexr/Pc]
REXR	Rexford Industrial Realty Inc
REZI	Resideo Technologies Inc
RF	Regions Financial Corp
RF-B	Regions Financial Corp [Rf/Pb]
RF-C	Regions Financial Corp [Rf/Pc]
RF-E	Regions Financial Corp
RFI	Cohen & Steers Total Return Realty Fund
RFL	Rafael Holdings Inc
RFM	Rivernorth Flexible Municipal Income Fund Inc
RFMZ	Rivernorth Flexible Municipal Income Fund II Inc
RGA	Reinsurance Group of America Inc
RGR	Sturm Ruger & Company
RGT	Royce Global Value Trust Inc
RH	Rh Common Stock
RHI	Robert Half Inc
RHP	Ryman Hospitality Properties REIT
RIG	Transocean Inc
RIO	Rio Tinto Plc ADR
RIT-A	Rithm Capital Corp [Ritm/Pa]
RIT-B	Rithm Capital Corp [Ritm/Pb]
RIT-C	Rithm Capital Corp [Ritm/Pc]
RIT-D	Rithm Capital Corp [Ritm/Pd]
RITM	Rithm Capital Corp
RIV	Rivernorth Opportunities Fund
RIV-A	Rivernorth Opportunities Fund Inc
RJF	Raymond James Financial
RJF-B	Raymond James Financial 6.375%
RKT	Rocket Companies Inc Cl A
RL	Ralph Lauren Corp
RLI	Rli Corp
RLJ	Rlj Lodging Trust
RLJ-A	Rlj Lodging TR [Rlj/Pa]
RLTY	Cohen Real Estate Opt and Income Fund
RLX	Rlx Technology Inc ADR
RM	Regional Managment Corp
RMAX	Re/Max Holdings Inc
RMD	Resmed Inc
RMI	Rivernorth Opportunistic Municipal Income Fund
RMM	Rivernorth Managed Duration Municipal Income Fun
RMMZ	Rivernorth Managed Duration Municipal Income Fun
RMP.P	Rivernorth Capital and Income Fund Inc [Rmpl/P]
RMT	Royce Micro-Cap Trust
RNG	Ringcentral Inc
RNGR	Ranger Energy Services Inc Cl A
RNP	Cohen & Steers REIT and Preferred
RNR	Renaissancere Holdings Ltd
RNR-F	Renaissancere Holdings Ltd [Rnr/Pf]
RNR-G	Renaissancere Holdings Ltd
RNST	Renasant Corp
ROG	Rogers Corp
ROK	Rockwell Automation Inc
ROL	Rollins Inc
ROS.U	Ross Acquisition Corp II [Ross.U]
ROS.W	Ross Acquisition Corp II WT [Ross/W]
ROSS	Ross Acquisition Corp II Cl A
RPM	RPM International Inc
RQI	Cohen & Steers Quality Income Realty Fund Inc
RRA.U	Rigel Resource Acquisition Corp [Rrac.U]
RRA.W	Rigel Resource Acquisition Corp WT [Rrac/W]
RRAC	Rigel Resource Acquisition Corp Cl A
RRC	Range Resources Corp
RRX	Regal Rexnord Corp
RS	Reliance Inc
RSF	Rivernorth Marketplace Lending Corp
RSG	Republic Services
RSI	Rush Street Interactive Inc
RSKD	Riskified Ltd Cl A
RTO	Rentokil Initial Plc ADR
RTX	Rtx Corp
RVLV	Revolve Group Inc
RVT	Royce Value Trust
RVTY	Revvity Inc
RWT	Redwood Trust
RWT-A	Redwood Trust Inc Pfd A
RWTN	Redwood Trust Inc 9.125%
RXO	Rxo Inc
RY	Royal Bank of Canada
RYAM	Rayonier Advanced Materials Inc
RYAN	Ryan Specialty Hldgs Inc
RYI	Ryerson Holding Corp
RYN	Rayonier Inc REIT
RZB	Reinsurance Group of America
RZC	Reinsurance Group of America Inc 7.125
S	Sentinelone Inc Cl A
SA	Seabridge Gold
SABA	Saba Capital Income & Opportunities Fund II
SAFE	Safehold Inc
SAH	Sonic Automotive
SAIC	Science Applications International
SAJ	Saratoga Investment Corp 8.00% Notes Due 2027
SAM	Boston Beer Company
SAN	Banco Santander ADR
SAND	Sandstorm Gold Ltd
SAP	SAP Ag ADR
SAR	Saratoga Investment Corp
SAT	Saratoga Investment Corp 6.00%
SAVE	Spirit Airlines Inc
SAY	Saratoga Investment Corp 8.125% Notes Due 2027
SAZ	Saratoga Investment Corp 8.50% Notes Due 2028
SB	Safe Bulkers Inc
SB-C	Safe Bulkers Inc [Sb/Pc]
SB-D	Safe Bulkers Inc [Sb/Pd]
SBBA	Scorpio Tankers Inc 7.00% Senior Notes Due 2025
SBH	Sally Beauty Holdings
SBI	Western Asset Intermediate Fund Inc
SBOW	Silverbow Resources Inc
SBR	Sabine Royalty Trust
SBS	Cia DE Saneamento Basico Do Estado ADR
SBSW	Sibanye Gold Ltd ADR
SBX.W	Silverbox Corp III WT [Sbxc/W]
SBXC	Silverbox Corp III Cl A
SCCO	Southern Copper Corp
SCD	Lmp Capital and Income Fund Inc
SCE-G	Sce Trust II [Sce/Pg]
SCE-H	Sce TR III [Sce/Ph]
SCE-J	Sce TR IV [Sce/Pj]
SCE-K	Sce Trust V [Sce/Pk]
SCE-L	Sce Trust VI [Sce/Pl]
SCE-M	Sce Trust Vii
SCH-D	Charles Schwab Corp [Schw/Pd]
SCH-J	Charles Schwab Corp [Schw/Pj]
SCHW	The Charles Schwab Corp
SCI	Service Corp International
SCL	Stepan Company
SCM	Stellus Capital Investment Cor
SCS	Steelcase Inc
SCX	L.S. Starrett Company
SD	Sandridge Energy Inc
SDHC	Smith Douglas Homes Corp Cl A
SDHY	PGIM Short Duration High Yield Opp Fund
SDRL	Seadrill 2021 Ltd
SE	Sea Ltd ADR
SEA-A	Teekay Lng Partners LP [Seal.Pa]
SEA-B	Teekay Lng Partners LP [Seal.Pb]
SEAS	Seaworld Entertainment Inc Company
SED.W	Sdcl Edge Acquisition Corp WT [Seda/W]
SEDA	Sdcl Edge Acquisition Corp Cl A
SEE	Sealed Air Corp
SEM	Select Medical Holdings Corp
SEMR	Semrush Holdings Inc Cl A
SES	Ses Ai Corp
SES.W	Ses Ai Corp WT
SF	Stifel Financial Corp
SF-B	Stifel Financial Corp [Sf/Pb]
SF-C	Stifel Financial Corp [Sf/Pc]
SF-D	Stifel Financial Corp
SFB	Stifel Financial Corp 5.20% Senior Notes
SFBS	Servisfirst Bancs
SFL	Ship Finance International
SG	Sweetgreen Inc Cl A
SGHC	Super Group [Sghc] Ltd
SGU	Star Gas Partners LP
SHAK	Shake Shack Inc
SHAP	Spree Acquisition Corp 1 Cl A
SHCO	Soho House & CO Inc
SHEL	Royal Dutch Shell Plc ADR
SHG	Shinhan Financial Group Ltd ADR
SHO	Sunstone Hotel Investors
SHO-H	Sunstone Hotel Investors Inc
SHO-I	Sunstone Hotel Investors Inc
SHOC	Ea Series Strive U.S. Semiconductor ETF
SHOP	Shopify Inc
SHW	Sherwin-Williams Company
SID	Companhia Siderurgica Nacional ADR
SIG	Signet Jewelers Ltd
SII	Sprott Inc
SIT-A	Site Centers Corp 6.375% Cl A [Sitc/Pa]
SITC	Site Centers Corp
SITE	Siteone Landscape Supply
SIX	Six Flags Entertainment Corp
SJM	J.M. Smucker Company
SJT	San Juan Basin Royalty Trust
SJW	SJW Corp
SKE	Skeena Resources Ltd
SKIL	Skillsoft Corp
SKLZ	Skillz Inc
SKM	Sk Telecom Corp ADR
SKT	Tanger Inc
SKX	Skechers U.S.A.
SKY	Skyline Corp
SLB	Schlumberger N.V.
SLCA	U.S. Silica Holdings Inc
SLF	Sun Life Financial Inc
SLG	SL Green Realty Corp
SLG-I	SL Green Rlty Corp [Slg/Pi]
SLGN	Silgan Holdings
SLQT	Selectquote Inc
SLVM	Sylvamo Corp
SM	Sm Energy Company
SMAR	Smartsheet Inc Cl A
SMBK	Smartfinancial Inc
SMFG	Sumitomo Mitsui Financial Group ADR
SMG	Scotts Miracle-Gro Company
SMHI	Seacor Marine Holdings Inc
SMLP	Summit Midstream Partners LP
SMP	Standard Motor Products
SMR	Nuscale Power Corp
SMR.W	Nuscale Power Corp WT
SMRT	Smartrent Inc
SMWB	Similarweb Ltd
SN	Sharkninja Inc
SNA	Snap-On Inc
SNAP	Snap Inc
SNDA	Sonida Senior Living Inc
SNDR	Schneider National Inc
SNN	Smith & Nephew Snats ADR
SNOW	Snowflake Inc Cl A
SNV	Synovus Financial Corp
SNV-D	Synovus Financial Corp [Snv/Pd]
SNV-E	Synovus Finl Corp [Snv/Pe]
SNX	Synnex Corp
SO	Southern Company
SOC	Sable Offshore Corp
SOC.W	Sable Offshore Corp WT
SOI	Solaris Oilfield Infrastructure Inc Cl A
SOJC	Southern Company Series 2017B 5.25% Junior
SOJD	Southern Company Series 2020A 4.95% Junior
SOJE	Southern Company Series 2020C 4.20%
SOL	Emeren Group Ltd ADR
SON	Sonoco Products Company
SONY	Sony Group Corp ADR
SOR	Source Capital
SOS	Sos Ltd ADR
SPB	Spectrum Brands Holdings Inc
SPCE	Virgin Galactic Holdings Inc
SPE	Special Opportunities Fund Inc
SPE-C	Special Opportunities Fund Inc 2.75%
SPG	Simon Property Group
SPG-J	Simon Ppty Group Inc [Spg/Pj]
SPGI	S&P Global Inc
SPH	Suburban Propane Partners LP
SPHR	Sphere Entertainment CO
SPIR	Spire Global Inc
SPL-A	Steel Partners Holdings LP [Splp/Pa]
SPLP	Steel Partners Hlds
SPN-B	Siriuspoint Ltd
SPNT	Siriuspoint Ltd
SPOT	Spotify Technology S.A.
SPR	Spirit Aerosystems Holdings
SPRU	Spruce Power Holding Corp
SPXC	SPX Corp
SPXX	Nuveen Equity Premium and Growth Fund
SQ	Block Inc
SQM	Sociedad Quimica Y Minera S.A. ADR
SQNS	Sequans Communications S A ADR
SQSP	Squarespace Inc Cl A
SR	Spire Inc
SR-A	Spire Inc [Sr/Pa]
SRE	Sempra
SREA	Sempra Energy 5.750% Junior
SRFM	Surf Air Mobility Inc
SRG	Seritage Growth Properties
SRG-A	Seritage Growth Pptys [Srg/Pa]
SRI	Stoneridge Inc
SRL	Scully Royalty Ltd
SRV	Nxg Cushing Midstream Energy Fund
SSB	Southstate Corp
SSD	Simpson Manufacturing Company
SSL	Sasol Ltd ADR
SST	System1 Inc
SST.W	System1 Inc WT
SSTK	Shutterstock Inc
ST	Sensata Technologies Holding N.V.
STAG	Stag Industrial Inc
STC	Stewart Information Services Corp
STE	Steris Corp
STEL	Stellar Bancorp Inc
STEM	Stem Inc
STEW	Srh Total Return Fund Inc
STG	Sunlands Online Education Group ADR
STK	Columbia Seligman Premium Technology
STLA	Stellantis N.V.
STM	Stmicroelectronics N.V. ADR
STN	Stantec Inc
STNG	Scorpio Tankers Inc
STR	Sitio Royalties Corp
STRV	Ea Series Strive 500 ETF
STT	State Street Corp
STT-D	State Street Corp [Stt/Pd]
STT-G	State Street Corp [Stt/Pg]
STVN	Stevanato Group S.P.A.
STWD	Starwood Property Trust
STXD	Strive 1000 Dividend Growth ETF
STXE	Strive Emerging Markets Ex-China ETF
STXG	Strive 1000 Growth ETF
STXK	Strive 2000 ETF
STXT	Strive Total Return Bond ETF
STXV	Strive 1000 Value ETF
STZ	Constellation Brands Inc
SU	Suncor Energy Inc
SUI	Sun Communities
SUM	Summit Materials Inc
SUN	Sunoco LP
SUP	Superior Industries International
SUPV	Grupo Supervielle S.A. ADR
SUZ	Suzano Papel E Celul ADR
SVV	Savers Value Village Inc
SWI	Solarwinds Corp
SWK	Stanley Black & Decker Inc
SWN	Southwestern Energy Company
SWX	Southwest Gas Corp
SWZ	Swiss Helvetia Fund
SXC	Suncoke Energy Inc
SXI	Standex International Corp
SXT	Sensient Technologies Corp
SYF	Synchrony Financial
SYF-A	Synchrony Financial 5.625% Prf Perpetual USD 25
SYF-B	Synchrony Financial
SYK	Stryker Corp
SYY	Sysco Corp
T	AT&T Inc
T-A	AT&T Inc 5% Prf Perpetual USD 25 1/1000Th Int Se
T-C	AT&T Inc 4.75% Prf Perpetual USD 25 1/1000Th Int
TAC	Transalta Corp
TAK	Takeda Pharmaceutical Ltd ADR
TAL	Tal Education Group ADR
TALO	Talos Energy Inc
TAP	Molson Coors Brewing Company
TAP.A	Molson Coors Brewing Cl A
TARO	Taro Pharm Inds
TBB	AT&T Inc 5.350% Global Notes Due 2066
TBBB	BBB Foods Inc Cl A
TBC	AT&T Inc 5.625% Global Notes Due 2067
TBI	Trueblue Inc
TCI	Transcontinental Realty Investors
TCN	Tricon Residential Inc
TCO.W	Zalatoris Acquisition Corp WT [Tcoa.W]
TCOA	Zalatoris Acquisition Corp
TCS	The Container Store Group Inc
TD	Toronto Dominion Bank
TDC	Teradata Corp
TDCX	Tdcx Inc ADR
TDF	Templeton Dragon Fund
TDG	Transdigm Group Inc
TDOC	Teladoc Health Inc
TDS	Telephone and Data Systems
TDS-U	Telephone & Data Systems
TDS-V	Telephone and Data Systems Inc
TDW	Tidewater Inc
TDY	Teledyne Technologies Inc
TEAF	Ecofin Sustainable and Social Impact Term Fund
TECK	Teck Resources Ltd
TEF	Telefonica S.A. ADR
TEI	Templeton Emerging Markets
TEL	Te Connectivity Ltd
TEO	Telecom Argentina Stet France Telecom ADR
TEVA	Teva Pharmaceutical Industries ADR
TEX	Terex Corp
TFC	Truist Financial Corp
TFC-I	Truist Financial Corp [Tfc/Pi]
TFC-O	Truist Financial Corp [Tfc/Po]
TFC-R	Truist Financial Corp [Tfc/Pr]
TFII	Tfi International Inc
TFPM	Triple Flag Precious Metals Corp
TFSA	Terra Income Fund 6 Llc
TFX	Teleflex Inc
TG	Tredegar Corp
TGH	Textainer Group Holdings
TGH-A	Textainer Group Holdings Ltd
TGH-B	Textainer Group Holdings Ltd
TGI	Triumph Group
TGLS	Tecnoglass Inc
TGNA	Tegna Inc
TGS	Transportadora DE Gas Sa Ord B ADR
TGT	Target Corp
THC	Tenet Healthcare Corp
THG	The Hanover Insurance Group
THLV	Thor Low Volatility ETF
THO	Thor Industries
THQ	Abrdn Healthcare Opportunities Fund
THR	Thermon Group Holdings Inc
THS	Treehouse Foods
THW	Abrdn World Healthcare Fund
TIMB	Tim S.A. ADR
TISI	Team Inc
TIXT	Telus International [Cda] Inc Subordinate Voting
TJX	TJX Companies
TK	Teekay Shipping Corp
TKC	Turkcell Iletisim Hizmetleri As ADR
TKO	Tko Group Holdings Inc Cl A
TKR	Timken Company
TLK	P.T. Telekomunikasi Indonesia Tbk ADR
TLYS	Tilly's Inc
TM	Toyota Motor Corp Ltd Ord ADR
TME	Tencent Music Entertainment ADR
TMHC	Taylor Morrison Home Corp
TMO	Thermo Fisher Scientific Inc
TMST	Timken Steel Corp
TNC	Tennant Company
TNET	Trinet Group Inc
TNK	Teekay Tankers Ltd
TNL	Travel + Leisure Co.
TNP	Tsakos Energy Navigation Ltd
TNP-E	Tsakos Energy Navigation [Tnp/Pe]
TNP-F	Tsakos Energy Navigation [Tnp/Pf]
TOL	Toll Brothers Inc
TOST	Toast Inc Cl A
TPB	Turning Point Brands
TPC	Tutor Perini Corp
TPH	Tri Pointe Homes Inc
TPL	Texas Pacific Land Trust
TPR	Tapestry Inc
TPTA	Terra Property Trust 6.00% Notes
TPVG	Triplepoint Venture Growth Bdc
TPX	Tempur-Pedic International Inc
TPZ	Tortoise Power and Energy
TR	Tootsie Roll Industries
TRAK	Repositrak Inc
TRC	Tejon Ranch Company
TREX	Trex Company
TRGP	Targa Resources
TRI	Thomson Reuters Corp
TRI.U	Tristar Acquisition I Corp [Tris.U]
TRI.W	Tristar Acquisition I Corp WT [Tris/W]
TRIS	Tristar Acquisition I Corp Cl A
TRN	Trinity Industries
TRNO	Terreno Realty Corp
TROX	Tronox Inc
TRP	TC Energy Corp
TRT-A	Triton Intl Ltd [Trtn/Pa]
TRT-B	Triton Intl Ltd [Trtn/Pb]
TRT-C	Triton Intl Ltd [Trtn/Pc]
TRT-D	Triton Intl Ltd [Trtn/Pd]
TRT-E	Triton Intl Ltd [Trtn/Pe]
TRT-P	Tpg Re Finance Trust Inc 6.25% Ser C [Trtx/Pc]
TRT.U	Tortoiseecofin Acquisition III [Trtl.U]
TRT.W	Tortoiseecofin Acquisition III WT [Trtl/W]
TRTL	Tortoiseecofin Acquisition III Cl A
TRTX	Tpg Re Finance Trust Inc
TRU	Transunion
TRV	The Travelers Companies Inc
TS	Tenaris S.A. ADR
TSE	Trinseo S.A.
TSI	Tcw Strategic
TSLX	Tpg Specialty Lending Inc
TSM	Taiwan Semiconductor ADR
TSN	Tyson Foods
TSQ	Townsquare Media Llc
TT	Trane Technologies Plc
TTC	Toro Company
TTE	Totalenergies Se ADR
TTI	Tetra Technologies
TTP	Tortoise Pipeline & Energy Fund
TU	Telus Corp
TUP	Tupperware Corp
TUYA	Tuya Inc ADR
TV	Grupo Televisa S.A. ADR
TVC	Tennessee Valley Authority
TVE	Tennessee Valley Authority
TWI	Titan International
TWLO	Twilio
TWN	Taiwan Fund
TWO	Two Harbors Invt Corp
TWO-A	Two Harbors Invt Corp [Two/Pa]
TWO-B	Two Harbors Invt Corp [Two/Pb]
TWO-C	Two Harbors Invt Corp [Two/Pc]
TWOA	Two Cl A
TX	Ternium S.A. ADR
TXO	Txo Partners L.P.
TXT	Textron Inc
TY	Tri Continental Corp
TY.P	Tri Contl Corp [Ty/P]
TYG	Tortoise Energy Infrastructure Corp
TYL	Tyler Technologies
U	Unity Software Inc
UA	Under Armour Inc Cl C
UAA	Under Armour
UAN	Cvr Partners LP
UBER	Uber Technologies Inc
UBS	UBS Group Ag ADR
UDR	United Dominion Realty Trust
UE	Urban Edge Properties
UFI	Unifi Inc
UGI	Ugi Corp
UGIC	Ugi Corp
UGP	Ultrapar Participacoes S.A. ADR
UHA.B	U-Haul Holding Series N Non-Voting
UHAL	U-Haul Holding Company
UHS	Universal Health Services
UHT	Universal Health Realty Income Trust
UI	Ubiquiti Networks
UIS	Unisys Corp
UL	Unilever Plc ADR
UMC	United Microelectronics Corp ADR
UMH	Umh Properties
UMH-D	Umh Pptys Inc [Umh/Pd]
UNF	Unifirst Corp
UNFI	United Nat Foods
UNH	Unitedhealth Group Inc
UNM	Unumprovident Corp
UNMA	Unum Group 6.250% Junior
UNP	Union Pacific Corp
UP	Wheels Up Experience Inc
UPS	United Parcel Service
URI	United Rentals
USA	Liberty All-Star Equity Fund
USAC	USA Compression Partners LP
USB	U.S. Bancorp
USB-A	US Bancorp [Usb/Pa]
USB-H	US Bancorp [Usb/Ph]
USB-P	US Bancorp [Usb/Pp]
USB-Q	US Bancorp [Usb/Pq]
USB-R	US Bancorp [Usb/Pr]
USB-S	U.S. Bancorp
USFD	US Foods Holding
USM	United States Cellular Corp
USNA	Usana Health Sciences Inc
USPH	U.S. Physical Therapy
UTF	Cohen & Steers Infrastructure Fund
UTI	Universal Technical Institute Inc
UTL	Unitil Corp
UTZ	Utz Brands Inc
UVE	Universal Insurance Holdings Inc
UVV	Universal Corp
UWM.W	Uwm Hldg Corp WT [Uwmc/W]
UWMC	Uwm Hldg Corp
UZD	United States Cellular Corp 6.250% Senior
UZE	United States Cellular Corp
UZF	United States Cellular Corp 5.500%
V	Visa Inc
VAC	Marriot Vacations Worldwide Cor
VAL	Valaris Ltd
VAL.W	Valaris Ltd WT
VALE	Vale S.A. ADR
VATE	Innovate Corp
VBF	Invesco Van Kampen Bond Fund
VCV	Invesco California Value Muni Income Trust
VEEV	Veeva Systems Inc
VEL	Velocity Financial Inc
VET	Vermilion Energy Inc
VFC	V.F. Corp
VGI	Virtus Global Multi-Sector Income Fund
VGM	Invesco Trust For Investment Grade Municipals
VGR	Vector Group Ltd
VHC	Virnetx Holding Corp
VHI	Valhi Inc
VIAO	Via Optronics Ag ADR
VICI	Vici Properties Inc
VIPS	Vipshop Holdings Ltd ADR
VIST	Vista Energy S.A.B. DE C.V. ADR
VIV	Telecomunicacoes DE Sao Paulo ADR
VKQ	Invesco Muni Trust
VLD	Velo3D Inc
VLD.W	Velo3D Inc Redeemable WT
VLN	Valens Semiconductor Ltd
VLN.W	Valens Semiconductor Ltd WT
VLO	Valero Energy Corp
VLRS	Controladora Vuela Compaia DE ADR
VLT	Invesco High
VLTO	Veralto Corporation
VMC	Vulcan Materials Company
VMI	Valmont Industries
VMO	Invesco Muni Opportunity Trust
VNCE	Vince Holding Corp
VNO	Vornado Realty Trust
VNO-L	Vornado Rlty TR [Vno/Pl]
VNO-M	Vornado Rlty TR [Vno/Pm]
VNO-N	Vornado Realty Trust
VNO-O	Vornado Realty Trust Pfd
VNT	Vontier Corp
VOC	Voc Energy Trust
VOY-B	VOYA Finl Inc [Voya/Pb]
VOYA	VOYA Financial Inc
VPG	Vishay Precision Group
VPV	Invesco Pennsylvania Muni
VRE	Veris Residential Inc
VRT	Vertiv Holdings Llc.
VRTS	Virtus Investment Partners
VSCO	Victorias Secret & Co.
VSH	Vishay Intertechnology
VST	Vistra Energy Corp
VSTO	Vista Outdoor Inc
VSTS	Vestis Corporation
VTEX	Vtex Cl A
VTLE	Vital Energy Inc
VTMX	Corp Inmobiliaria Vesta S.A.B DE C.V. ADR
VTN	Invesco Trust New York Muni
VTOL	Bristow Group Inc
VTR	Ventas Inc
VTS	Vitesse Energy Inc
VVI	Viad Corp
VVR	Invesco Senior Income Trust
VVV	Valvoline Inc
VVX	V2X Inc
VYX	NCR Voyix Corporation
VZ	Verizon Communications Inc
VZIO	Vizio Holding Corp Cl A
W	Wayfair Inc
WAB	Wabtec Corp
WAL	Western Alliance Bancorp
WAL-A	Western Alliance Bancorp Pfd
WAT	Waters Corp
WBS	Webster Financial Corp
WBS-F	Webster Financial Corp [Wbs/Pf]
WBS-G	Webster Financial Corp ADR
WBX	Wallbox N.V. Cl A
WBX.W	Wallbox N.V. WT
WCC	Wesco International
WCC-A	Wesco International Inc
WCN	Waste Connections Inc
WD	Walker & Dunlop
WDH	Waterdrop Inc ADR
WDI	Western Asset Diversified Income Fund
WDS	Woodside Energy Group Ltd
WEA	Western Asset Bond Fund
WEAV	Weave Communications Inc
WEC	Wisconsin Energy Corp
WEL	Integrated Wellness Acquisition Cl A
WEL.U	Integrated Wellness Acquisition [Wel.U]
WEL.W	Integrated Wellness Acquisition WT
WELL	Welltower Inc
WES	Western Midstream Partners LP
WEX	Wex Inc
WF	Woori Finance Holdings Ltd ADR
WFC	Wells Fargo & Company
WFC-A	Wells Fargo & Co.
WFC-C	Wells Fargo & Co.
WFC-D	Wells Fargo & Co.
WFC-L	Wells Fargo & Company [Wfc/Pl]
WFC-R	Wells Fargo & Company [Wfc/Pr]
WFC-Y	Wells Fargo & Company [Wfc/Py]
WFC-Z	Wells Fargo & Company [Wfc/Pz]
WFG	West Fraser Timber L
WGO	Winnebago Industries
WH	Wyndham Hotels & Resorts Inc
WHD	Cactus Inc Cl A
WHG	Westwood Holdings Group Inc
WHR	Whirlpool Corp
WIA	U.S. Treasury Inflation Prot Secs Fd
WINN	Harbor Long-Term Growers ETF
WIT	Wipro Ltd ADR
WIW	U.S Treasury Inflation Prot Secs Fd 2
WK	Workiva Llc
WKC	World Kinect Corp
WLK	Westlake Corp
WLKP	Westlake Chemical Partners LP
WLY	John Wiley Sons Cl A
WLYB	John Wiley Sons Cl B
WM	Waste Management
WMB	Williams Companies
WMK	Weis Markets
WMS	Advanced Drainage Systems Inc
WMT	Walmart Inc
WNC	Wabash National Corp
WNN.U	Andretti Acquisition Corp [Wnnr.U]
WNN.W	Andretti Acquisition Corp WT [Wnnr/W]
WNNR	Andretti Acquisition Corp Cl A
WNS	Wns Ltd ADR
WOLF	Wolfspeed Inc
WOR	Worthington Enterprises Inc
WOW	Wideopenwest Inc
WPC	W.P. Carey & Company Llc
WPM	Wheaton Precious Metals
WPP	Wpp Plc ADR
WRB	W.R. Berkley Corp
WRB-E	Berkley W.R. Corp [Wrb/Pe]
WRB-F	Berkley W.R. Corp [Wrb/Pf]
WRB-G	Berkley W.R. Corp [Wrb/Pg]
WRB-H	Berkley W.R. Corp [Wrb/Ph]
WRBY	Warby Parker Inc Cl A
WRK	Westrock Company
WS	Worthington Steel Inc
WSM	Williams-Sonoma
WSO	Watsco Inc
WSR	Whitestone REIT
WST	West Pharmaceutical Services
WT	Wisdomtree Inc
WTI	W&T Offshore
WTM	White Mountains Insurance Group
WTRG	Essential Utilities Inc
WTS	Watts Water Technologies
WTTR	Select Water Solutions Inc
WU	Western Union Company
WWW	Wolverine World Wide
WY	Weyerhaeuser Company
X	United States Steel Corp
XFL-A	Xai Octagon Fltng Rat & Altr Inm TR [Xflt/Pa]
XFLT	Xai Octagon Floating Alt Income Term Trust Compa
XHR	Xenia Hotels & Resorts Inc
XIN	Xinyuan Real Estate Ltd ADR
XOM	Exxon Mobil Corp
XPER	Xperi Inc
XPEV	Xpeng Inc ADR
XPO	Xpo Inc
XPOF	Xponential Fitness Inc Cl A
XPRO	Expro Group Hldgs N.V.
XYF	X Financial ADR
XYL	Xylem Inc
YALA	Yalla Group Ltd ADR
YELP	Yelp Inc
YETI	Yeti Holdings Inc
YEXT	Yext Inc
YMM	Full Truck Alliance Ltd ADR
YOU	Clear Secure Inc Cl A
YPF	Ypf Sociedad Anonima ADR
YRD	Yirendai Ltd ADR
YSG	Yatsen Holding Ltd ADR
YUM	Yum! Brands
YUMC	Yum China Holdings Inc
ZBH	Zimmer Biomet Holdings
ZEPP	Zepp Health Corp ADR
ZETA	Zeta Global Holdings Corp Cl A
ZGN	Ermenegildo Zegna N.V.
ZH	Zhihu Inc ADR
ZIM	Zim Integrated Shipping Services Ltd
ZIP	Ziprecruiter Inc Cl A
ZKH	Zkh Group Limited ADR
ZTO	Zto Express Cayman Inc ADR
ZTR	Virtus Total Return Fund Inc
ZTS	Zoetis Inc Cl A
ZUO	Zuora Inc
ZVIA	Zevia Pbc Cl A
ZWS	Zurn Elkay Water Solutions Corp
